SAMPLE00,intronic,GATA3
SAMPLE00,intronic,FLT3
SAMPLE00,intronic,FLT3
SAMPLE00,UTR3,CDH1
SAMPLE00,exonic,GATA3
SAMPLE00,intronic,PIK3CA
SAMPLE00,intergenic,FLT3
SAMPLE00,intronic,TRAF3
SAMPLE00,exonic,CNKSR1
SAMPLE00,intronic,BRAF
SAMPLE00,downstream,TRAF3
SAMPLE00,exonic,CDH1
SAMPLE00,exonic,KRAS
SAMPLE00,exonic,PTEN
SAMPLE00,intronic,CNKSR1
SAMPLE00,exonic,PTEN
SAMPLE00,exonic,GATA3
SAMPLE00,exonic,FLT3
SAMPLE00,intronic,PTEN
SAMPLE00,exonic,CDH1
SAMPLE00,UTR3,KRAS
SAMPLE01,intronic,TBC1D12
SAMPLE01,splicing,WASF3
SAMPLE01,intronic,HSP90AB1
SAMPLE01,intronic,WASF3
SAMPLE01,UTR3,NFE2L2
SAMPLE01,intronic,NRAS
SAMPLE01,exonic,NRAS
SAMPLE01,intronic,NRAS
SAMPLE01,ncRNA_splicing,OTUD7A
SAMPLE01,downstream,WASF3
SAMPLE01,intronic,NRAS
SAMPLE01,intronic,OTUD7A
SAMPLE01,intronic,WASF3
SAMPLE01,intronic,OTUD7A
SAMPLE01,intronic,HSP90AB1
SAMPLE01,intronic,TBC1D12
SAMPLE01,intronic,HSP90AB1
SAMPLE01,intronic,NFE2L2
SAMPLE01,intronic,HSP90AB1
SAMPLE01,intronic,TBC1D12
SAMPLE01,exonic,OTUD7A
SAMPLE01,intronic,WASF3
SAMPLE01,intronic,TBC1D12
SAMPLE01,exonic,NRAS
SAMPLE01,intronic,NRAS
SAMPLE01,ncRNA_splicing,HSP90AB1
SAMPLE01,intronic,NFE2L2
SAMPLE01,intronic,OTUD7A
SAMPLE01,exonic,OTUD7A
SAMPLE01,intronic,WASF3
SAMPLE02,intronic,GATA3
SAMPLE02,splicing,PTEN
SAMPLE02,intronic,FBXW7
SAMPLE02,intronic,GATA3
SAMPLE02,ncRNA_intronic,ACVR2B
SAMPLE02,intronic,DNMT3A
SAMPLE02,intronic,NRAS
SAMPLE02,intronic,MED23
SAMPLE02,exonic,GATA3
SAMPLE02,splicing,MLL2
SAMPLE02,exonic,NRAS
SAMPLE02,exonic,B2M
SAMPLE02,intronic,IDH2
SAMPLE02,intronic,IDH2
SAMPLE02,intronic,ACVR2B
SAMPLE02,intronic,NRAS
SAMPLE02,intronic,IDH1
SAMPLE02,intronic,NRAS
SAMPLE02,exonic,PTEN
SAMPLE02,exonic,GATA3
SAMPLE02,UTR5,NFE2L2
SAMPLE02,intronic,GATA3
SAMPLE02,exonic,NFE2L2
SAMPLE02,exonic,IDH2
SAMPLE02,ncRNA_splicing,DNMT3A
SAMPLE03,exonic,CAP2
SAMPLE03,intronic,PIK3CA
SAMPLE03,intronic,GATA3
SAMPLE03,downstream,SEPT12
SAMPLE03,intronic,PIK3R1
SAMPLE03,intronic,PIK3CA
SAMPLE03,intronic,CBFB
SAMPLE03,intronic,KRAS
SAMPLE03,exonic,CBFB
SAMPLE03,intronic,CAP2
SAMPLE03,exonic,KRAS
SAMPLE03,intronic,PIK3R1
SAMPLE03,exonic,CAP2
SAMPLE03,exonic,GATA3
SAMPLE03,exonic,CBFB
SAMPLE03,intronic,GATA3
SAMPLE03,intronic,DNMT3A
SAMPLE03,intronic,DNMT3A
SAMPLE03,intronic,CAP2
SAMPLE03,intronic,CAP2
SAMPLE03,splicing,PIK3R1
SAMPLE04,intronic,RB1
SAMPLE04,intronic,IDH1
SAMPLE04,exonic,NTN4
SAMPLE04,ncRNA_exonic,U2AF1
SAMPLE04,intronic,STK11
SAMPLE04,intronic,U2AF1
SAMPLE04,UTR3,STK11
SAMPLE04,intronic,NPM1
SAMPLE04,intronic,KEAP1
SAMPLE04,intronic,KEAP1
SAMPLE04,intronic,IDH1
SAMPLE04,intronic,IDH1
SAMPLE04,intronic,STK11
SAMPLE04,UTR3,NPM1
SAMPLE04,intronic,NTN4
SAMPLE04,intronic,PTEN
SAMPLE04,intronic,RB1
SAMPLE04,exonic,CDKN2A
SAMPLE04,exonic,RB1
SAMPLE04,exonic,NPM1
SAMPLE04,intronic,PTEN
SAMPLE04,exonic,KEAP1
SAMPLE04,exonic,U2AF1
SAMPLE04,intronic,IDH1
SAMPLE04,intronic,NPM1
SAMPLE04,downstream,RB1
SAMPLE04,exonic,CDKN2A
SAMPLE04,intronic,STK11
SAMPLE04,intronic,STK11
SAMPLE04,intronic,NPM1
SAMPLE04,exonic,RB1
SAMPLE04,exonic,IDH1
SAMPLE04,intronic,U2AF1
SAMPLE04,intronic,STK11
SAMPLE05,exonic,GATA3
SAMPLE05,intronic,PTEN
SAMPLE05,intronic,KRAS
SAMPLE05,intronic,PTEN
SAMPLE05,intronic,AKT1
SAMPLE05,intronic,MLL2
SAMPLE05,intronic,FLT3
SAMPLE05,ncRNA_exonic,GATA3
SAMPLE05,exonic,GATA3
SAMPLE05,UTR5,KRAS
SAMPLE05,exonic,KRAS
SAMPLE05,exonic,PTEN
SAMPLE05,intronic,IDH2
SAMPLE05,exonic,GATA3
SAMPLE05,intronic,FLT3
SAMPLE05,upstream,GATA3
SAMPLE05,upstream,AKT1
SAMPLE05,ncRNA_intronic,FLT3
SAMPLE05,ncRNA_intronic,FLT3
SAMPLE05,downstream,FLT3
SAMPLE05,exonic,FLT3
SAMPLE05,intronic,NRAS
SAMPLE05,splicing,PTEN
SAMPLE06,intronic,PIK3CA
SAMPLE06,intronic,BRAF
SAMPLE06,exonic,CDH1
SAMPLE06,exonic,PIK3CA
SAMPLE06,intronic,SF3B1
SAMPLE06,intronic,CDH1
SAMPLE06,intronic,PIK3CA
SAMPLE06,UTR5,TAP1
SAMPLE06,downstream,CDKN2A
SAMPLE06,exonic,BRAF
SAMPLE06,downstream,BRAF
SAMPLE06,intronic,CDH1
SAMPLE06,exonic,CDKN2A
SAMPLE06,exonic,BRAF
SAMPLE06,exonic,BRAF
SAMPLE06,exonic,CDKN2A
SAMPLE06,ncRNA_exonic,CDKN2A
SAMPLE06,intronic,CDH1
SAMPLE06,intronic,BRAF
SAMPLE06,intronic,BRAF
SAMPLE06,ncRNA_intronic,BRAF
SAMPLE06,intronic,CDH1
SAMPLE06,ncRNA_exonic,CDH1
SAMPLE06,splicing,PIK3CA
SAMPLE06,intronic,TAP1
SAMPLE06,intronic,BRAF
SAMPLE06,intronic,CDKN2A
SAMPLE06,intronic,CDH1
SAMPLE06,intronic,CDKN2A
SAMPLE06,intronic,PIK3CA
SAMPLE07,ncRNA_exonic,APC
SAMPLE07,exonic,PBRM1
SAMPLE07,intergenic,CDKN2A
SAMPLE07,splicing,CDKN2A
SAMPLE07,intronic,APC
SAMPLE07,ncRNA_splicing,FLT3
SAMPLE07,exonic,FLT3
SAMPLE07,intronic,FLT3
SAMPLE07,UTR3,APC
SAMPLE07,intronic,APC
SAMPLE07,intronic,APC
SAMPLE07,intronic,NRAS
SAMPLE07,ncRNA_exonic,TP53
SAMPLE07,intronic,PBRM1
SAMPLE07,exonic,MAP3K1
SAMPLE07,exonic,NRAS
SAMPLE07,UTR3,PBRM1
SAMPLE07,intronic,CDKN2A
SAMPLE07,exonic,TP53
SAMPLE07,intronic,NRAS
SAMPLE07,intronic,FLT3
SAMPLE07,exonic,CDKN2A
SAMPLE07,intronic,MAP3K1
SAMPLE07,intronic,PIK3R1
SAMPLE07,intronic,CDKN2A
SAMPLE08,intergenic,DNMT3A
SAMPLE08,intronic,FBXW7
SAMPLE08,intronic,STK11
SAMPLE08,intronic,PTEN
SAMPLE08,intronic,STK11
SAMPLE08,intronic,FBXW7
SAMPLE08,intronic,STK11
SAMPLE08,intronic,BAP1
SAMPLE08,intronic,DNMT3A
SAMPLE08,intronic,CDKN2A
SAMPLE08,upstream,U2AF1
SAMPLE08,exonic,STK11
SAMPLE08,UTR5,U2AF1
SAMPLE08,exonic,STK11
SAMPLE08,ncRNA_splicing,CDKN2A
SAMPLE08,intronic,NRAS
SAMPLE08,intronic,BAP1
SAMPLE08,intronic,NRAS
SAMPLE08,intronic,FBXW7
SAMPLE08,intronic,BAP1
SAMPLE08,intronic,NRAS
SAMPLE08,intronic,U2AF1
SAMPLE08,intronic,TDRD10
SAMPLE08,exonic,STK11
SAMPLE08,intronic,NOTCH1
SAMPLE08,intronic,STK11
SAMPLE08,intronic,U2AF1
SAMPLE08,intronic,U2AF1
SAMPLE08,exonic,NRAS
SAMPLE08,downstream,CDH1
SAMPLE08,intronic,BAP1
SAMPLE08,exonic,CDH1
SAMPLE08,intronic,U2AF1
SAMPLE09,exonic,CASP8
SAMPLE09,exonic,ACO1
SAMPLE09,splicing,ACO1
SAMPLE09,intronic,CASP8
SAMPLE09,exonic,IDH1
SAMPLE09,intronic,MED12
SAMPLE09,exonic,ACO1
SAMPLE09,intronic,ACO1
SAMPLE09,intronic,ACO1
SAMPLE09,intronic,SMAD4
SAMPLE09,upstream,ACO1
SAMPLE09,exonic,MED12
SAMPLE09,exonic,CASP8
SAMPLE09,exonic,SMAD4
SAMPLE09,ncRNA_exonic,CASP8
SAMPLE09,ncRNA_intronic,MED12
SAMPLE09,intronic,ACO1
SAMPLE09,exonic,ACO1
SAMPLE09,exonic,DIS3
SAMPLE09,intronic,IDH1
SAMPLE09,intronic,DIS3
SAMPLE09,ncRNA_splicing,ACO1
SAMPLE09,intronic,CASP8
SAMPLE09,exonic,MED12
SAMPLE09,ncRNA_exonic,ACO1
SAMPLE09,intronic,DNMT3A
SAMPLE09,intronic,ACO1
SAMPLE09,intronic,CASP8
SAMPLE09,intergenic,CASP8
SAMPLE09,intergenic,ACO1
SAMPLE09,UTR3,MED12
SAMPLE09,intronic,DNMT3A
SAMPLE09,exonic,ACO1
SAMPLE09,exonic,ACO1
SAMPLE09,intronic,SMAD4
SAMPLE09,intronic,CASP8
SAMPLE09,exonic,DNMT3A
SAMPLE09,ncRNA_intronic,DNMT3A
SAMPLE09,intronic,MED12
SAMPLE09,intronic,MED12
SAMPLE09,intronic,DNMT3A
SAMPLE10,exonic,PIK3R1
SAMPLE10,intronic,PLCG2
SAMPLE10,exonic,KDM5C
SAMPLE10,intronic,TP53
SAMPLE10,splicing,CDKN2A
SAMPLE10,UTR5,HRAS
SAMPLE10,intergenic,PLCG2
SAMPLE10,intronic,PIK3CA
SAMPLE10,intronic,PIK3R1
SAMPLE10,downstream,KDM5C
SAMPLE10,exonic,CDKN2A
SAMPLE10,splicing,TP53
SAMPLE10,UTR3,KDM5C
SAMPLE10,exonic,DNMT3A
SAMPLE10,intronic,RBM10
SAMPLE10,intronic,PTEN
SAMPLE10,exonic,PIK3CA
SAMPLE10,intronic,PTEN
SAMPLE10,exonic,FLT3
SAMPLE10,exonic,RBM10
SAMPLE10,intronic,KDM5C
SAMPLE10,intronic,DNMT3A
SAMPLE10,intronic,PIK3CA
SAMPLE10,intronic,PLCG2
SAMPLE10,intronic,FGFBP1
SAMPLE10,exonic,DNMT3A
SAMPLE10,UTR3,RBM10
SAMPLE10,exonic,PLCG2
SAMPLE10,intronic,RBM10
SAMPLE10,ncRNA_splicing,DNMT3A
SAMPLE10,intronic,DNMT3A
SAMPLE10,downstream,PTEN
SAMPLE10,exonic,KDM5C
SAMPLE10,intronic,RBM10
SAMPLE10,intronic,PIK3CA
SAMPLE10,intronic,CDKN2A
SAMPLE10,ncRNA_splicing,CDKN2A
SAMPLE10,exonic,RB1
SAMPLE10,exonic,FGFBP1
SAMPLE10,exonic,KDM5C
SAMPLE10,intronic,PIK3R1
SAMPLE10,exonic,PIK3CA
SAMPLE10,exonic,FGFBP1
SAMPLE10,intronic,PIK3R1
SAMPLE10,intronic,CDKN2A
SAMPLE10,intronic,PIK3R1
SAMPLE10,intronic,PLCG2
SAMPLE10,exonic,RB1
SAMPLE11,exonic,NPM1
SAMPLE11,downstream,AXIN2
SAMPLE11,intronic,U2AF1
SAMPLE11,intronic,CDH1
SAMPLE11,intronic,AXIN2
SAMPLE11,intronic,SPOP
SAMPLE11,exonic,ZNF620
SAMPLE11,intronic,U2AF1
SAMPLE11,intronic,MTOR
SAMPLE11,exonic,EGFR
SAMPLE11,intronic,ZNF620
SAMPLE11,ncRNA_splicing,MTOR
SAMPLE11,exonic,MTOR
SAMPLE11,intronic,ZNF620
SAMPLE11,UTR3,PIK3CA
SAMPLE11,exonic,CDKN2A
SAMPLE11,upstream,CDKN2A
SAMPLE11,intronic,RPS2
SAMPLE11,intronic,EGFR
SAMPLE11,intronic,NPM1
SAMPLE11,downstream,DDX3X
SAMPLE11,intronic,AXIN2
SAMPLE11,exonic,U2AF1
SAMPLE11,UTR3,DDX3X
SAMPLE11,exonic,U2AF1
SAMPLE11,intronic,RPS2
SAMPLE11,intronic,DDX3X
SAMPLE11,intronic,NPM1
SAMPLE11,intergenic,CDKN2A
SAMPLE11,exonic,EGFR
SAMPLE11,exonic,MTOR
SAMPLE11,exonic,MTOR
SAMPLE11,exonic,PIK3CA
SAMPLE11,exonic,CDH1
SAMPLE12,intronic,FGFR2
SAMPLE12,intronic,MYOCD
SAMPLE12,intronic,BCLAF1
SAMPLE12,exonic,KRAS
SAMPLE12,intronic,NRAS
SAMPLE12,intronic,KRAS
SAMPLE12,ncRNA_splicing,NF1
SAMPLE12,intronic,KRAS
SAMPLE12,intronic,NRAS
SAMPLE12,exonic,PIK3R1
SAMPLE12,upstream,PIK3CA
SAMPLE12,intronic,MYOCD
SAMPLE12,exonic,CDKN2A
SAMPLE12,intronic,ZNF180
SAMPLE12,exonic,CDKN2A
SAMPLE12,splicing,NF1
SAMPLE12,exonic,PIK3CA
SAMPLE12,intronic,FGFR2
SAMPLE12,exonic,ZNF180
SAMPLE12,intronic,CDKN2A
SAMPLE12,exonic,MYOCD
SAMPLE12,exonic,ZNF180
SAMPLE12,exonic,NRAS
SAMPLE12,intronic,PIK3CA
SAMPLE12,intronic,PIK3R1
SAMPLE12,exonic,CDH1
SAMPLE12,exonic,CDH1
SAMPLE12,exonic,FGFR2
SAMPLE12,intronic,KRAS
SAMPLE12,intronic,PTEN
SAMPLE12,exonic,PIK3R1
SAMPLE12,splicing,NRAS
SAMPLE12,exonic,NF1
SAMPLE12,exonic,PIK3CA
SAMPLE12,exonic,ZNF180
SAMPLE12,intronic,FGFR2
SAMPLE12,intronic,ZNF180
SAMPLE12,intronic,PTEN
SAMPLE13,splicing,PIK3CA
SAMPLE13,intronic,ARID1A
SAMPLE13,intronic,POU2AF1
SAMPLE13,ncRNA_exonic,KLHL8
SAMPLE13,exonic,TXNDC8
SAMPLE13,exonic,OR52N1
SAMPLE13,exonic,TTLL9
SAMPLE13,intronic,POU2AF1
SAMPLE13,UTR3,OR52N1
SAMPLE13,intronic,APC
SAMPLE13,intergenic,SMAD4
SAMPLE13,UTR5,SMAD4
SAMPLE13,exonic,NPM1
SAMPLE13,intronic,SF3B1
SAMPLE13,intronic,CDH1
SAMPLE13,exonic,APC
SAMPLE13,intergenic,KLHL8
SAMPLE13,exonic,TTLL9
SAMPLE13,intronic,TXNDC8
SAMPLE13,intronic,NPM1
SAMPLE13,UTR5,SF3B1
SAMPLE13,intergenic,GATA3
SAMPLE13,exonic,STAG2
SAMPLE13,UTR3,PIK3CA
SAMPLE13,exonic,PIK3CA
SAMPLE13,exonic,DNMT3A
SAMPLE13,intronic,KDM5C
SAMPLE13,ncRNA_intronic,CDH1
SAMPLE14,intergenic,MLL3
SAMPLE14,UTR3,PIK3R1
SAMPLE14,intronic,CCDC120
SAMPLE14,intronic,MLL3
SAMPLE14,UTR5,APC
SAMPLE14,intronic,PIK3R1
SAMPLE14,exonic,IDH1
SAMPLE14,intronic,ERBB3
SAMPLE14,intergenic,AJUBA
SAMPLE14,exonic,ERBB3
SAMPLE14,intronic,MLL3
SAMPLE14,intronic,APC
SAMPLE14,intronic,CCDC120
SAMPLE14,exonic,PIK3R1
SAMPLE14,exonic,APC
SAMPLE14,splicing,CCDC120
SAMPLE14,exonic,ERBB3
SAMPLE14,intronic,APC
SAMPLE14,intronic,PIK3R1
SAMPLE14,exonic,PIK3R1
SAMPLE14,intronic,AJUBA
SAMPLE14,exonic,APC
SAMPLE14,exonic,MLL3
SAMPLE14,intronic,APC
SAMPLE14,exonic,AJUBA
SAMPLE15,intronic,MAP3K1
SAMPLE15,exonic,DNMT3A
SAMPLE15,exonic,EZR
SAMPLE15,intronic,DNMT3A
SAMPLE15,intronic,EZR
SAMPLE15,intronic,BRAF
SAMPLE15,intronic,DNMT3A
SAMPLE15,intronic,MAP3K1
SAMPLE15,splicing,ITPKB
SAMPLE15,upstream,MAP3K1
SAMPLE15,UTR5,FLT3
SAMPLE15,intronic,MAP3K1
SAMPLE15,intronic,ITPKB
SAMPLE15,intergenic,BRAF
SAMPLE15,exonic,EZR
SAMPLE15,intronic,EZR
SAMPLE15,exonic,EZR
SAMPLE15,UTR5,EZR
SAMPLE15,ncRNA_intronic,DNMT3A
SAMPLE15,intronic,DNMT3A
SAMPLE15,exonic,ITPKB
SAMPLE15,intronic,ITPKB
SAMPLE15,exonic,ITPKB
SAMPLE15,upstream,EZR
SAMPLE15,intronic,MAP3K1
SAMPLE15,exonic,BRAF
SAMPLE15,intronic,FLT3
SAMPLE15,exonic,EZR
SAMPLE15,exonic,MAP3K1
SAMPLE15,UTR3,MAP3K1
SAMPLE15,intronic,ITPKB
SAMPLE15,intronic,EZR
SAMPLE15,exonic,DNMT3A
SAMPLE15,intronic,FLT3
SAMPLE15,exonic,EZR
SAMPLE15,exonic,ITPKB
SAMPLE15,exonic,BRAF
SAMPLE15,exonic,DNMT3A
SAMPLE15,intronic,ITPKB
SAMPLE15,intronic,MAP3K1
SAMPLE15,splicing,MAP3K1
SAMPLE15,exonic,ITPKB
SAMPLE15,intronic,ITPKB
SAMPLE15,ncRNA_intronic,FLT3
SAMPLE15,intronic,FLT3
SAMPLE15,intronic,FLT3
SAMPLE15,UTR3,ITPKB
SAMPLE16,intronic,IDH1
SAMPLE16,intronic,PDCD2L
SAMPLE16,exonic,KRAS
SAMPLE16,downstream,PDCD2L
SAMPLE16,intronic,NFE2L2
SAMPLE16,intronic,CDKN2A
SAMPLE16,intronic,CCND1
SAMPLE16,intronic,PTEN
SAMPLE16,exonic,KEAP1
SAMPLE16,splicing,DNMT3A
SAMPLE16,intronic,FLT3
SAMPLE16,splicing,ERBB3
SAMPLE16,exonic,NPM1
SAMPLE16,intronic,TSC1
SAMPLE16,intronic,MLL2
SAMPLE16,intronic,CCND1
SAMPLE16,UTR5,DNMT3A
SAMPLE16,exonic,KEAP1
SAMPLE16,intronic,MLL2
SAMPLE16,UTR5,MLL3
SAMPLE16,exonic,CDH1
SAMPLE16,downstream,IDH1
SAMPLE16,downstream,CCND1
SAMPLE16,intronic,CDH1
SAMPLE16,exonic,TSC1
SAMPLE16,exonic,ERBB3
SAMPLE16,exonic,CDH1
SAMPLE16,intronic,KRAS
SAMPLE16,exonic,KRAS
SAMPLE16,exonic,KEAP1
SAMPLE16,exonic,CDH1
SAMPLE16,ncRNA_exonic,ERBB3
SAMPLE16,exonic,TSC1
SAMPLE16,intronic,ERBB3
SAMPLE16,intronic,ERBB3
SAMPLE16,intronic,CDH1
SAMPLE16,intronic,ERBB3
SAMPLE16,exonic,IDH1
SAMPLE17,downstream,CDKN2A
SAMPLE17,UTR3,GATA3
SAMPLE17,intronic,KDM6A
SAMPLE17,intronic,SETD2
SAMPLE17,exonic,ERCC2
SAMPLE17,intronic,SPOP
SAMPLE17,splicing,ERCC2
SAMPLE17,UTR5,KDM6A
SAMPLE17,intronic,CASP8
SAMPLE17,intronic,IDH2
SAMPLE17,exonic,GATA3
SAMPLE17,exonic,SETD2
SAMPLE17,exonic,KDM6A
SAMPLE17,intronic,ERCC2
SAMPLE17,exonic,IDH2
SAMPLE17,exonic,PIK3CA
SAMPLE17,intronic,SGK1
SAMPLE17,intronic,SETDB1
SAMPLE17,intronic,KDM6A
SAMPLE17,exonic,CASP8
SAMPLE17,exonic,CDKN2A
SAMPLE17,exonic,CASP8
SAMPLE17,exonic,NF1
SAMPLE18,intronic,NPM1
SAMPLE18,intronic,NPM1
SAMPLE18,downstream,CHD8
SAMPLE18,UTR3,SF3B1
SAMPLE18,intronic,GATA3
SAMPLE18,exonic,NPM1
SAMPLE18,intronic,CDH1
SAMPLE18,exonic,MAP3K1
SAMPLE18,intronic,ELF3
SAMPLE18,exonic,CHD8
SAMPLE18,exonic,MAP3K1
SAMPLE18,intronic,DNMT3A
SAMPLE18,ncRNA_splicing,ELF3
SAMPLE18,intronic,ELF3
SAMPLE18,exonic,CHD8
SAMPLE18,exonic,GATA3
SAMPLE18,intronic,CDH1
SAMPLE18,upstream,CDH1
SAMPLE18,exonic,CHD8
SAMPLE18,intronic,SF3B1
SAMPLE18,exonic,NPM1
SAMPLE18,exonic,DNMT3A
SAMPLE18,exonic,DNMT3A
SAMPLE18,intronic,SETD2
SAMPLE18,intronic,MAP3K1
SAMPLE18,downstream,SETD2
SAMPLE18,UTR3,SF3B1
SAMPLE18,intronic,NPM1
SAMPLE18,intronic,CHD8
SAMPLE18,exonic,DNMT3A
SAMPLE18,ncRNA_intronic,PTEN
SAMPLE18,exonic,CHD8
SAMPLE18,exonic,APC
SAMPLE18,UTR5,NPM1
SAMPLE18,exonic,SETD2
SAMPLE18,intronic,DNMT3A
SAMPLE18,splicing,SF3B1
SAMPLE18,ncRNA_intronic,CHD8
SAMPLE18,exonic,APC
SAMPLE18,intronic,DNMT3A
SAMPLE18,intronic,DNMT3A
SAMPLE18,exonic,PTEN
SAMPLE18,intronic,MAP3K1
SAMPLE18,intronic,CDH1
SAMPLE19,intronic,SMARCA4
SAMPLE19,intronic,PTEN
SAMPLE19,intronic,RUNX1
SAMPLE19,intronic,PTEN
SAMPLE19,intronic,SMARCA4
SAMPLE19,exonic,APC
SAMPLE19,intronic,BRAF
SAMPLE19,intronic,STK11
SAMPLE19,intronic,GNPTAB
SAMPLE19,intronic,GATA3
SAMPLE19,exonic,BRAF
SAMPLE19,intronic,SMARCA4
SAMPLE19,exonic,STK11
SAMPLE19,intronic,CASP8
SAMPLE19,exonic,RUNX1
SAMPLE19,intronic,CASP8
SAMPLE19,intronic,APC
SAMPLE19,exonic,RUNX1
SAMPLE19,exonic,PTEN
SAMPLE19,intronic,GNPTAB
SAMPLE19,exonic,APC
SAMPLE19,intronic,APC
SAMPLE19,exonic,GATA3
SAMPLE19,exonic,GATA3
SAMPLE19,UTR5,STK11
SAMPLE19,intronic,GATA3
SAMPLE19,exonic,GATA3
SAMPLE19,intronic,PTEN
SAMPLE19,intergenic,GNPTAB
SAMPLE19,intronic,CASP8
SAMPLE19,intronic,RUNX1
SAMPLE20,intronic,CASP8
SAMPLE20,exonic,ANK3
SAMPLE20,intronic,STK11
SAMPLE20,exonic,ANK3
SAMPLE20,intronic,SMAD4
SAMPLE20,intronic,GATA3
SAMPLE20,intronic,SMAD4
SAMPLE20,intronic,SMAD4
SAMPLE20,exonic,NPM1
SAMPLE20,exonic,MAP3K1
SAMPLE20,UTR5,ERBB2
SAMPLE20,intronic,ERBB2
SAMPLE20,exonic,TBX3
SAMPLE20,intronic,MAP3K1
SAMPLE20,exonic,CDH1
SAMPLE20,intronic,MAP3K1
SAMPLE20,exonic,CDH1
SAMPLE20,exonic,KDM5C
SAMPLE20,intronic,SMAD4
SAMPLE20,exonic,NPM1
SAMPLE20,exonic,ANK3
SAMPLE20,exonic,STK11
SAMPLE20,intronic,KDM5C
SAMPLE20,exonic,STK11
SAMPLE20,intronic,ANK3
SAMPLE20,intronic,ANK3
SAMPLE20,exonic,STK11
SAMPLE20,intronic,TBX3
SAMPLE20,exonic,TBX3
SAMPLE20,intronic,CDH1
SAMPLE20,exonic,NPM1
SAMPLE20,intronic,MAP3K1
SAMPLE20,intergenic,GATA3
SAMPLE20,exonic,ERBB2
SAMPLE20,intronic,CDKN2A
SAMPLE20,exonic,CDH1
SAMPLE20,intronic,CDH1
SAMPLE20,exonic,ANK3
SAMPLE20,UTR3,TBX3
SAMPLE20,exonic,GATA3
SAMPLE20,exonic,CASP8
SAMPLE20,exonic,CDKN2A
SAMPLE20,intronic,FLT3
SAMPLE20,exonic,FLT3
SAMPLE20,exonic,FLT3
SAMPLE20,intronic,GATA3
SAMPLE20,intronic,TBX3
SAMPLE20,intronic,CASP8
SAMPLE21,exonic,BRAF
SAMPLE21,intronic,PIK3R1
SAMPLE21,intronic,MAP2K4
SAMPLE21,intronic,CDKN1A
SAMPLE21,exonic,NRAS
SAMPLE21,intronic,MAP2K4
SAMPLE21,UTR5,PBRM1
SAMPLE21,intronic,AZGP1
SAMPLE21,intronic,PIK3R1
SAMPLE21,intronic,CDKN2A
SAMPLE21,downstream,BRAF
SAMPLE21,intronic,NRAS
SAMPLE21,exonic,FLT3
SAMPLE21,intronic,BRAF
SAMPLE21,exonic,PBRM1
SAMPLE21,intronic,MLL2
SAMPLE21,intronic,CDKN1A
SAMPLE21,upstream,MAP2K4
SAMPLE21,intronic,NPM1
SAMPLE21,UTR3,CDKN2A
SAMPLE21,intronic,CDKN2A
SAMPLE21,intronic,PIK3R1
SAMPLE21,exonic,SLC26A3
SAMPLE21,intergenic,AZGP1
SAMPLE21,UTR3,PBRM1
SAMPLE21,exonic,CTCF
SAMPLE21,intergenic,PIK3R1
SAMPLE21,UTR5,CDKN1A
SAMPLE21,intronic,SLC26A3
SAMPLE21,intronic,NPM1
SAMPLE21,intronic,CTCF
SAMPLE21,exonic,PBRM1
SAMPLE21,exonic,CTCF
SAMPLE21,exonic,SLC26A3
SAMPLE21,exonic,CDKN2A
SAMPLE21,intronic,NRAS
SAMPLE21,intronic,MAP2K4
SAMPLE21,intronic,CDKN1A
SAMPLE21,exonic,MLL2
SAMPLE21,ncRNA_intronic,NPM1
SAMPLE21,intronic,MAP2K4
SAMPLE21,ncRNA_splicing,CTCF
SAMPLE21,intronic,NPM1
SAMPLE22,intronic,CTCF
SAMPLE22,intronic,ARHGAP35
SAMPLE22,ncRNA_splicing,CDH1
SAMPLE22,intronic,APC
SAMPLE22,UTR3,APC
SAMPLE22,intronic,PIK3CA
SAMPLE22,intronic,RAD21
SAMPLE22,exonic,CBFB
SAMPLE22,exonic,CTCF
SAMPLE22,exonic,CDH1
SAMPLE22,intronic,PIK3CA
SAMPLE22,intronic,FBXW7
SAMPLE22,intronic,FLT3
SAMPLE22,exonic,APC
SAMPLE22,exonic,CBFB
SAMPLE22,exonic,PIK3CA
SAMPLE22,intronic,FLT3
SAMPLE22,splicing,PIK3CA
SAMPLE22,exonic,CCDC6
SAMPLE22,intronic,CTCF
SAMPLE22,exonic,FLT3
SAMPLE22,ncRNA_splicing,RAD21
SAMPLE22,exonic,ARHGAP35
SAMPLE22,intergenic,CCDC6
SAMPLE22,exonic,PIK3CA
SAMPLE22,intronic,APC
SAMPLE22,intronic,APC
SAMPLE22,intronic,ARHGAP35
SAMPLE22,exonic,PIK3CA
SAMPLE22,intronic,CCDC6
SAMPLE22,intronic,CCDC6
SAMPLE22,intronic,CTCF
SAMPLE22,intronic,PIK3CA
SAMPLE22,intronic,FLT3
SAMPLE22,intronic,PIK3CA
SAMPLE22,upstream,FLT3
SAMPLE22,intronic,FBXW7
SAMPLE22,intronic,FLT3
SAMPLE22,intronic,FBXW7
SAMPLE22,intronic,CCDC6
SAMPLE22,intronic,CBFB
SAMPLE23,intronic,NRAS
SAMPLE23,exonic,WT1
SAMPLE23,intronic,BRAF
SAMPLE23,intronic,SMARCB1
SAMPLE23,exonic,SMARCB1
SAMPLE23,intronic,SMARCB1
SAMPLE23,intronic,SF3B1
SAMPLE23,exonic,GATA3
SAMPLE23,exonic,GATA3
SAMPLE23,intronic,SF3B1
SAMPLE23,intronic,NRAS
SAMPLE23,exonic,NRAS
SAMPLE23,exonic,MAP2K4
SAMPLE23,exonic,IDH1
SAMPLE23,intronic,GATA3
SAMPLE23,UTR5,WT1
SAMPLE23,ncRNA_splicing,NRAS
SAMPLE23,upstream,NRAS
SAMPLE23,intronic,SF3B1
SAMPLE23,exonic,GATA3
SAMPLE23,exonic,WT1
SAMPLE23,exonic,MAP2K4
SAMPLE23,exonic,IDH1
SAMPLE23,splicing,IDH1
SAMPLE23,intronic,BRAF
SAMPLE23,intronic,HRAS
SAMPLE23,intronic,GATA3
SAMPLE23,intronic,SF3B1
SAMPLE23,exonic,IDH1
SAMPLE23,upstream,MAP2K4
SAMPLE23,intronic,NRAS
SAMPLE23,UTR3,BRAF
SAMPLE23,ncRNA_intronic,SMARCB1
SAMPLE23,exonic,WT1
SAMPLE23,intronic,GATA3
SAMPLE23,upstream,HRAS
SAMPLE24,exonic,PIK3CA
SAMPLE24,intronic,SETD2
SAMPLE24,exonic,APC
SAMPLE24,intronic,FBXW7
SAMPLE24,intronic,KRAS
SAMPLE24,ncRNA_intronic,FBXW7
SAMPLE24,exonic,SETD2
SAMPLE24,intronic,APC
SAMPLE24,intronic,FBXW7
SAMPLE24,intronic,CDKN2A
SAMPLE24,intronic,FBXW7
SAMPLE24,UTR3,CDKN2A
SAMPLE24,UTR3,PIK3R1
SAMPLE24,intronic,PIK3CA
SAMPLE24,exonic,PIK3CA
SAMPLE24,exonic,BRAF
SAMPLE24,intronic,APC
SAMPLE24,exonic,CDH1
SAMPLE24,intronic,CDH1
SAMPLE24,intronic,RB1
SAMPLE24,exonic,BRAF
SAMPLE24,intronic,FBXW7
SAMPLE24,intronic,APC
SAMPLE24,intronic,CDKN2A
SAMPLE24,intronic,PIK3CA
SAMPLE24,intronic,CDKN2A
SAMPLE24,ncRNA_intronic,FBXW7
SAMPLE24,intronic,BRAF
SAMPLE24,intronic,CDH1
SAMPLE24,exonic,BRAF
SAMPLE24,intronic,BRAF
SAMPLE24,intronic,PIK3R1
SAMPLE24,intronic,PIK3R1
SAMPLE24,intronic,FBXW7
SAMPLE24,exonic,CDH1
SAMPLE24,intronic,RB1
SAMPLE24,exonic,APC
SAMPLE24,intronic,FBXW7
SAMPLE24,exonic,RB1
SAMPLE24,ncRNA_exonic,CDKN2A
SAMPLE24,intronic,KRAS
SAMPLE24,intronic,PIK3R1
SAMPLE25,intronic,ATP5B
SAMPLE25,intronic,FLT3
SAMPLE25,exonic,PBRM1
SAMPLE25,downstream,PBRM1
SAMPLE25,intronic,CDKN2A
SAMPLE25,ncRNA_intronic,PBRM1
SAMPLE25,intronic,FLT3
SAMPLE25,intronic,APC
SAMPLE25,exonic,ATP5B
SAMPLE25,intronic,ATP5B
SAMPLE25,intronic,CDKN2A
SAMPLE25,ncRNA_splicing,PBRM1
SAMPLE25,exonic,SMARCB1
SAMPLE25,ncRNA_intronic,PBRM1
SAMPLE25,intronic,DIS3
SAMPLE25,intronic,APC
SAMPLE25,intronic,PBRM1
SAMPLE25,exonic,FBXW7
SAMPLE25,exonic,DIS3
SAMPLE25,intronic,PBRM1
SAMPLE25,exonic,APC
SAMPLE25,intronic,FLT3
SAMPLE25,intronic,PBRM1
SAMPLE25,exonic,FBXW7
SAMPLE25,splicing,SACS
SAMPLE25,UTR5,CDKN2A
SAMPLE25,intronic,DIS3
SAMPLE25,exonic,FLT3
SAMPLE25,intronic,CDKN2A
SAMPLE25,intronic,FLT3
SAMPLE25,intronic,DIS3
SAMPLE25,UTR5,PIK3R1
SAMPLE25,exonic,ATP5B
SAMPLE25,exonic,CDKN2A
SAMPLE25,upstream,ATP5B
SAMPLE25,intronic,SMARCB1
SAMPLE25,exonic,APC
SAMPLE26,intronic,CDKN2A
SAMPLE26,intronic,MLL3
SAMPLE26,exonic,RUNX1
SAMPLE26,intronic,FOXA1
SAMPLE26,exonic,PIK3CA
SAMPLE26,exonic,RUNX1
SAMPLE26,intronic,ITGB7
SAMPLE26,intronic,FBXW7
SAMPLE26,intronic,CDKN2A
SAMPLE26,intronic,ITGB7
SAMPLE26,exonic,DNMT3A
SAMPLE26,intronic,ITGB7
SAMPLE26,intronic,ARHGAP35
SAMPLE26,exonic,APC
SAMPLE26,intronic,FOXA1
SAMPLE26,exonic,ARHGAP35
SAMPLE26,splicing,CDKN2A
SAMPLE26,UTR3,PIK3CA
SAMPLE26,intronic,APC
SAMPLE26,exonic,CDKN2A
SAMPLE26,intronic,CHD8
SAMPLE26,exonic,WT1
SAMPLE26,intronic,PIK3CA
SAMPLE27,exonic,CD79B
SAMPLE27,ncRNA_intronic,TBL1XR1
SAMPLE27,intronic,HIST1H1E
SAMPLE27,intronic,HIST1H1E
SAMPLE27,intronic,KRAS
SAMPLE27,intronic,CEP76
SAMPLE27,intronic,HIST1H1E
SAMPLE27,intronic,CD79B
SAMPLE27,exonic,KRAS
SAMPLE27,intronic,PCBP1
SAMPLE27,splicing,KRAS
SAMPLE27,intergenic,MICALCL
SAMPLE27,intronic,ARID1A
SAMPLE27,intronic,PCBP1
SAMPLE27,intronic,ARID1A
SAMPLE27,intronic,NRAS
SAMPLE27,intronic,HIST1H1E
SAMPLE27,exonic,MYD88
SAMPLE27,exonic,ARID1A
SAMPLE27,intronic,TBL1XR1
SAMPLE27,exonic,KRAS
SAMPLE27,intronic,MYD88
SAMPLE27,intronic,BRE
SAMPLE27,downstream,SLC26A3
SAMPLE27,exonic,CD79B
SAMPLE27,ncRNA_splicing,MICALCL
SAMPLE27,intronic,TBL1XR1
SAMPLE27,exonic,MICALCL
SAMPLE27,intronic,BRE
SAMPLE27,exonic,PCBP1
SAMPLE27,exonic,CEP76
SAMPLE27,intronic,KRAS
SAMPLE27,intronic,BRE
SAMPLE27,intronic,APC
SAMPLE27,intronic,KRAS
SAMPLE27,intergenic,TBL1XR1
SAMPLE27,intronic,CD79B
SAMPLE28,intronic,IRF6
SAMPLE28,UTR3,SMAD4
SAMPLE28,upstream,SMAD4
SAMPLE28,intronic,IRF6
SAMPLE28,intronic,SMAD4
SAMPLE28,ncRNA_intronic,AKT1
SAMPLE28,intronic,IRF6
SAMPLE28,intronic,IRF6
SAMPLE28,intronic,IRF6
SAMPLE28,ncRNA_exonic,SMAD4
SAMPLE28,exonic,IRF6
SAMPLE28,UTR5,SMAD4
SAMPLE28,exonic,AKT1
SAMPLE28,splicing,DNMT3A
SAMPLE28,ncRNA_exonic,DNMT3A
SAMPLE28,upstream,SMAD4
SAMPLE28,ncRNA_exonic,DNMT3A
SAMPLE28,exonic,IRF6
SAMPLE28,intronic,AKT1
SAMPLE28,exonic,AKT1
SAMPLE28,UTR5,DNMT3A
SAMPLE28,intronic,SMAD4
SAMPLE28,exonic,DNMT3A
SAMPLE28,intronic,DNMT3A
SAMPLE28,intronic,AKT1
SAMPLE28,ncRNA_exonic,AKT1
SAMPLE28,exonic,AKT1
SAMPLE28,intronic,DNMT3A
SAMPLE28,intronic,IRF6
SAMPLE28,ncRNA_exonic,DNMT3A
SAMPLE28,intronic,DNMT3A
SAMPLE28,ncRNA_intronic,IRF6
SAMPLE28,intronic,AKT1
SAMPLE28,downstream,AKT1
SAMPLE28,intronic,DNMT3A
SAMPLE28,intronic,DNMT3A
SAMPLE28,intronic,IRF6
SAMPLE28,intronic,SMAD4
SAMPLE28,downstream,AKT1
SAMPLE28,splicing,AKT1
SAMPLE29,exonic,HRAS
SAMPLE29,exonic,GATA3
SAMPLE29,intronic,HRAS
SAMPLE29,exonic,HRAS
SAMPLE29,intronic,APC
SAMPLE29,exonic,EGFR
SAMPLE29,intronic,MAP3K1
SAMPLE29,intronic,BRAF
SAMPLE29,exonic,TP53
SAMPLE29,intronic,MAP3K1
SAMPLE29,intronic,CHD4
SAMPLE29,intronic,GATA3
SAMPLE29,intronic,HRAS
SAMPLE29,intronic,APC
SAMPLE29,ncRNA_exonic,EGFR
SAMPLE29,UTR5,APC
SAMPLE29,exonic,APC
SAMPLE29,exonic,BRAF
SAMPLE29,intronic,HRAS
SAMPLE29,exonic,HRAS
SAMPLE29,downstream,GATA3
SAMPLE29,intronic,TP53
SAMPLE29,intronic,TP53
SAMPLE29,exonic,TP53
SAMPLE30,exonic,TP53
SAMPLE30,intronic,NOTCH1
SAMPLE30,intronic,BRE
SAMPLE30,intronic,NSD1
SAMPLE30,exonic,SETD2
SAMPLE30,exonic,KIT
SAMPLE30,exonic,NOTCH1
SAMPLE30,intronic,DNMT3A
SAMPLE30,intronic,CBFB
SAMPLE30,intronic,TP53
SAMPLE30,intronic,NPM1
SAMPLE30,intronic,TP53
SAMPLE30,intronic,TP53
SAMPLE30,exonic,MYD88
SAMPLE30,exonic,CASP8
SAMPLE30,UTR3,NOTCH1
SAMPLE30,intronic,BRE
SAMPLE30,intronic,MYD88
SAMPLE30,exonic,MYD88
SAMPLE30,intronic,MYD88
SAMPLE30,exonic,NPM1
SAMPLE31,intronic,FBXW7
SAMPLE31,exonic,BRAF
SAMPLE31,ncRNA_exonic,SMAD4
SAMPLE31,intergenic,KEAP1
SAMPLE31,intronic,FBXW7
SAMPLE31,exonic,U2AF1
SAMPLE31,intronic,U2AF1
SAMPLE31,exonic,BRAF
SAMPLE31,intronic,KEAP1
SAMPLE31,intronic,KEAP1
SAMPLE31,exonic,FBXW7
SAMPLE31,ncRNA_splicing,U2AF1
SAMPLE31,intronic,NPM1
SAMPLE31,exonic,ARID1A
SAMPLE31,exonic,KEAP1
SAMPLE31,exonic,U2AF1
SAMPLE31,downstream,ARID1A
SAMPLE31,intronic,NPM1
SAMPLE31,intronic,FBXW7
SAMPLE31,intronic,KEAP1
SAMPLE31,exonic,FBXW7
SAMPLE31,intronic,FBXW7
SAMPLE31,intergenic,NRAS
SAMPLE32,intronic,FLT3
SAMPLE32,exonic,SPOP
SAMPLE32,intronic,CDH1
SAMPLE32,exonic,BRAF
SAMPLE32,intronic,DNMT3A
SAMPLE32,exonic,NRAS
SAMPLE32,exonic,NRAS
SAMPLE32,intronic,CDKN2A
SAMPLE32,intronic,TCEB1
SAMPLE32,exonic,BRAF
SAMPLE32,ncRNA_intronic,NRAS
SAMPLE32,exonic,NSD1
SAMPLE32,intronic,MYD88
SAMPLE32,exonic,TCEB1
SAMPLE32,exonic,NRAS
SAMPLE32,intronic,NRAS
SAMPLE32,exonic,BRAF
SAMPLE32,intronic,CDKN2A
SAMPLE32,exonic,BRAF
SAMPLE32,intronic,DNMT3A
SAMPLE32,UTR5,CDKN2A
SAMPLE32,UTR5,DNMT3A
SAMPLE32,intronic,SPOP
SAMPLE32,intronic,DNMT3A
SAMPLE32,intronic,BRAF
SAMPLE32,intronic,BRAF
SAMPLE32,intronic,SPOP
SAMPLE32,exonic,CDH1
SAMPLE32,ncRNA_intronic,TCEB1
SAMPLE32,upstream,NSD1
SAMPLE32,ncRNA_exonic,BRAF
SAMPLE32,splicing,NRAS
SAMPLE32,intronic,CDKN2A
SAMPLE32,intronic,CDKN2A
SAMPLE32,intergenic,SPOP
SAMPLE32,intronic,CDH1
SAMPLE32,intronic,APC
SAMPLE32,exonic,APC
SAMPLE32,intronic,CDKN2A
SAMPLE32,intronic,DNMT3A
SAMPLE32,intronic,FLT3
SAMPLE33,intronic,KRAS
SAMPLE33,intronic,KRAS
SAMPLE33,ncRNA_exonic,GOT1
SAMPLE33,exonic,KRAS
SAMPLE33,UTR3,SETD2
SAMPLE33,exonic,CDKN2A
SAMPLE33,exonic,MGA
SAMPLE33,intronic,MGA
SAMPLE33,intronic,SETD2
SAMPLE33,intronic,CDKN2A
SAMPLE33,intronic,MGA
SAMPLE33,intronic,CDKN2A
SAMPLE33,intronic,SETD2
SAMPLE33,exonic,SETD2
SAMPLE33,intronic,NF1
SAMPLE33,exonic,SETD2
SAMPLE33,downstream,KRAS
SAMPLE33,exonic,NF1
SAMPLE33,intronic,CDKN2A
SAMPLE33,intronic,KRAS
SAMPLE33,intronic,KRAS
SAMPLE33,intronic,KRAS
SAMPLE33,exonic,MGA
SAMPLE33,exonic,GOT1
SAMPLE33,ncRNA_splicing,GOT1
SAMPLE33,intronic,CDKN2A
SAMPLE33,exonic,MGA
SAMPLE33,intronic,GOT1
SAMPLE33,intronic,MGA
SAMPLE33,intronic,KRAS
SAMPLE33,exonic,GOT1
SAMPLE33,intronic,MGA
SAMPLE33,intronic,GOT1
SAMPLE33,intronic,GOT1
SAMPLE33,intronic,MGA
SAMPLE33,UTR3,KRAS
SAMPLE33,exonic,MGA
SAMPLE33,ncRNA_splicing,CDKN2A
SAMPLE34,intronic,CDKN2A
SAMPLE34,ncRNA_exonic,MYB
SAMPLE34,intronic,IDH1
SAMPLE34,intronic,IDH1
SAMPLE34,intronic,MAP2K4
SAMPLE34,intronic,BAP1
SAMPLE34,exonic,BAP1
SAMPLE34,exonic,NOTCH1
SAMPLE34,exonic,BAP1
SAMPLE34,intronic,BAP1
SAMPLE34,intronic,IDH2
SAMPLE34,intronic,MYB
SAMPLE34,intronic,MYB
SAMPLE34,upstream,NF1
SAMPLE34,exonic,NFE2L2
SAMPLE34,exonic,IDH1
SAMPLE34,exonic,MAP2K4
SAMPLE34,exonic,MYB
SAMPLE34,exonic,FBXW7
SAMPLE34,exonic,NFE2L2
SAMPLE34,intronic,FBXW7
SAMPLE34,intronic,CDKN2A
SAMPLE34,exonic,NF1
SAMPLE34,intronic,FAM46C
SAMPLE34,ncRNA_intronic,FBXW7
SAMPLE34,ncRNA_exonic,MAP2K4
SAMPLE34,exonic,NFE2L2
SAMPLE34,exonic,BAP1
SAMPLE34,intronic,MAP2K4
SAMPLE34,exonic,NF1
SAMPLE34,exonic,FAM46C
SAMPLE34,intronic,MAP2K4
SAMPLE34,intronic,TP53
SAMPLE34,intronic,NF1
SAMPLE34,intronic,TP53
SAMPLE34,intronic,TP53
SAMPLE34,UTR3,TP53
SAMPLE34,exonic,MYB
SAMPLE34,intronic,NFE2L2
SAMPLE34,exonic,NF1
SAMPLE34,exonic,NF1
SAMPLE35,exonic,RB1
SAMPLE35,exonic,MAP2K4
SAMPLE35,exonic,ALPK2
SAMPLE35,intronic,ALPK2
SAMPLE35,exonic,ASXL1
SAMPLE35,ncRNA_splicing,CNKSR1
SAMPLE35,splicing,CNKSR1
SAMPLE35,intronic,ALPK2
SAMPLE35,intronic,KDM5C
SAMPLE35,intronic,KDM5C
SAMPLE35,splicing,KDM5C
SAMPLE35,exonic,ASXL1
SAMPLE35,intronic,SMAD4
SAMPLE35,intronic,KDM5C
SAMPLE35,intronic,ASXL1
SAMPLE35,exonic,CNKSR1
SAMPLE35,intronic,CNKSR1
SAMPLE35,exonic,SMAD4
SAMPLE35,exonic,SMAD4
SAMPLE35,intronic,KDM5C
SAMPLE35,intronic,MAP2K4
SAMPLE35,intronic,KDM5C
SAMPLE35,exonic,ALPK2
SAMPLE35,intronic,ASXL1
SAMPLE35,exonic,SMAD4
SAMPLE35,intronic,RB1
SAMPLE35,exonic,CNKSR1
SAMPLE35,intronic,MAP2K4
SAMPLE35,exonic,RB1
SAMPLE35,intronic,MAP2K4
SAMPLE35,intronic,RB1
SAMPLE35,ncRNA_exonic,SMAD4
SAMPLE35,intronic,KDM5C
SAMPLE35,intronic,RB1
SAMPLE35,upstream,KDM5C
SAMPLE35,exonic,CNKSR1
SAMPLE35,exonic,KDM5C
SAMPLE35,intronic,KDM5C
SAMPLE35,exonic,CNKSR1
SAMPLE35,exonic,MAP2K4
SAMPLE35,exonic,RB1
SAMPLE35,UTR5,RB1
SAMPLE35,intronic,CNKSR1
SAMPLE35,intronic,SMAD4
SAMPLE35,intronic,ASXL1
SAMPLE36,intronic,FGFBP1
SAMPLE36,intronic,BRAF
SAMPLE36,exonic,IDH2
SAMPLE36,intronic,APC
SAMPLE36,intronic,NPM1
SAMPLE36,exonic,FBXW7
SAMPLE36,intronic,FGFBP1
SAMPLE36,exonic,FGFBP1
SAMPLE36,exonic,SPOP
SAMPLE36,intronic,FGFBP1
SAMPLE36,intronic,RHOA
SAMPLE36,exonic,FGFBP1
SAMPLE36,intronic,NPM1
SAMPLE36,exonic,GOT1
SAMPLE36,intronic,BRAF
SAMPLE36,upstream,FLT3
SAMPLE36,intronic,FBXW7
SAMPLE36,exonic,KRAS
SAMPLE36,exonic,APC
SAMPLE36,upstream,NPM1
SAMPLE36,ncRNA_intronic,CAP2
SAMPLE37,splicing,APC
SAMPLE37,intronic,KRAS
SAMPLE37,intronic,PPP2R1A
SAMPLE37,upstream,PIK3CA
SAMPLE37,intronic,KRAS
SAMPLE37,intronic,PIK3CA
SAMPLE37,UTR5,STK11
SAMPLE37,exonic,KRAS
SAMPLE37,exonic,PIK3CA
SAMPLE37,exonic,PPP2R1A
SAMPLE37,exonic,KRAS
SAMPLE37,intronic,PIK3CA
SAMPLE37,intronic,RUNX1
SAMPLE37,intronic,PPP2R1A
SAMPLE37,upstream,PPP2R1A
SAMPLE37,exonic,RUNX1
SAMPLE37,intronic,APC
SAMPLE37,exonic,PPP2R1A
SAMPLE37,exonic,RUNX1
SAMPLE37,exonic,KRAS
SAMPLE37,intronic,KRAS
SAMPLE37,intronic,STK11
SAMPLE37,intronic,APC
SAMPLE37,ncRNA_exonic,PPP2R1A
SAMPLE37,exonic,RUNX1
SAMPLE37,intronic,PIK3CA
SAMPLE37,intronic,STK11
SAMPLE37,intronic,APC
SAMPLE37,splicing,APC
SAMPLE37,exonic,PIK3CA
SAMPLE37,ncRNA_exonic,STK11
SAMPLE37,intronic,APC
SAMPLE37,intronic,PIK3CA
SAMPLE37,exonic,KRAS
SAMPLE37,splicing,RUNX1
SAMPLE37,intronic,RUNX1
SAMPLE37,intronic,CASP8
SAMPLE37,intronic,APC
SAMPLE37,intronic,RUNX1
SAMPLE37,ncRNA_intronic,CASP8
SAMPLE37,exonic,KRAS
SAMPLE37,exonic,STK11
SAMPLE37,intronic,PPP2R1A
SAMPLE37,exonic,APC
SAMPLE37,exonic,KRAS
SAMPLE37,intronic,STK11
SAMPLE38,upstream,APC
SAMPLE38,intronic,TP53
SAMPLE38,intronic,CBFB
SAMPLE38,intronic,TP53
SAMPLE38,exonic,TTLL9
SAMPLE38,upstream,TP53
SAMPLE38,intronic,APC
SAMPLE38,exonic,CDH1
SAMPLE38,intronic,TP53
SAMPLE38,ncRNA_intronic,ANK3
SAMPLE38,exonic,CBFB
SAMPLE38,intronic,TTLL9
SAMPLE38,intronic,MED23
SAMPLE38,exonic,TTLL9
SAMPLE38,intronic,GATA3
SAMPLE38,ncRNA_intronic,TP53
SAMPLE38,exonic,CDH1
SAMPLE38,ncRNA_splicing,ANK3
SAMPLE38,UTR5,CDKN2A
SAMPLE38,intronic,CDH1
SAMPLE38,intronic,GATA3
SAMPLE38,intronic,TP53
SAMPLE38,intronic,MED23
SAMPLE38,intronic,TTLL9
SAMPLE38,intronic,TTLL9
SAMPLE38,intronic,MED23
SAMPLE38,downstream,CBFB
SAMPLE38,intronic,CDH1
SAMPLE38,UTR5,CBFB
SAMPLE38,exonic,MED23
SAMPLE38,exonic,CASP8
SAMPLE38,exonic,TP53
SAMPLE38,intronic,CBFB
SAMPLE38,intronic,TP53
SAMPLE38,intronic,CBFB
SAMPLE38,intronic,CBFB
SAMPLE38,UTR3,GATA3
SAMPLE38,intergenic,ERBB2
SAMPLE39,intronic,APC
SAMPLE39,intronic,DNMT3A
SAMPLE39,intronic,APC
SAMPLE39,exonic,PIK3CA
SAMPLE39,intronic,NRAS
SAMPLE39,exonic,NRAS
SAMPLE39,intronic,NF1
SAMPLE39,intronic,PTEN
SAMPLE39,intronic,PTEN
SAMPLE39,intronic,SMC1A
SAMPLE39,intronic,BRAF
SAMPLE39,exonic,FBXW7
SAMPLE39,intronic,PTEN
SAMPLE39,intronic,PTEN
SAMPLE39,intronic,DNMT3A
SAMPLE39,exonic,FLT3
SAMPLE39,exonic,FLT3
SAMPLE39,exonic,BRAF
SAMPLE39,intergenic,PTEN
SAMPLE39,intergenic,BRAF
SAMPLE40,ncRNA_splicing,STK19
SAMPLE40,intronic,CDKN2A
SAMPLE40,exonic,TP53
SAMPLE40,intronic,IDH1
SAMPLE40,UTR5,AKT1
SAMPLE40,intronic,IDH1
SAMPLE40,ncRNA_intronic,MAP3K1
SAMPLE40,exonic,BRAF
SAMPLE40,intronic,PTPN11
SAMPLE40,exonic,IDH1
SAMPLE40,exonic,TP53
SAMPLE40,intronic,HRAS
SAMPLE40,intergenic,CDH1
SAMPLE40,exonic,PTPN11
SAMPLE40,intronic,STK19
SAMPLE40,intronic,CDKN2A
SAMPLE40,exonic,MAP3K1
SAMPLE40,intronic,AKT1
SAMPLE40,exonic,STK19
SAMPLE40,exonic,IDH1
SAMPLE40,intronic,MAP3K1
SAMPLE40,intronic,HRAS
SAMPLE40,intronic,CDKN2A
SAMPLE40,intronic,CDH1
SAMPLE40,intronic,BRAF
SAMPLE40,exonic,AKT1
SAMPLE40,intronic,STK19
SAMPLE40,intronic,STK19
SAMPLE40,intronic,BRAF
SAMPLE40,ncRNA_exonic,ZNF180
SAMPLE40,intronic,TP53
SAMPLE40,ncRNA_exonic,TP53
SAMPLE40,intronic,STK19
SAMPLE40,intronic,MAP3K1
SAMPLE40,intronic,IDH1
SAMPLE40,intronic,AKT1
SAMPLE40,ncRNA_intronic,ZNF180
SAMPLE40,ncRNA_exonic,HRAS
SAMPLE40,exonic,CDKN2A
SAMPLE40,intronic,IDH1
SAMPLE40,intronic,AKT1
SAMPLE40,exonic,MAP3K1
SAMPLE41,intronic,AZGP1
SAMPLE41,exonic,ARID2
SAMPLE41,intronic,BAP1
SAMPLE41,intronic,NRAS
SAMPLE41,exonic,AKT1
SAMPLE41,intronic,BAP1
SAMPLE41,intronic,BAP1
SAMPLE41,intronic,NRAS
SAMPLE41,intergenic,NRAS
SAMPLE41,intronic,SLC44A3
SAMPLE41,exonic,NRAS
SAMPLE41,intronic,CDH1
SAMPLE41,intronic,CDH1
SAMPLE41,intronic,SLC44A3
SAMPLE41,intronic,SLC44A3
SAMPLE41,intronic,SLC44A3
SAMPLE41,exonic,ARID2
SAMPLE41,intronic,AKT1
SAMPLE41,intronic,SLC44A3
SAMPLE41,exonic,ARID2
SAMPLE41,intronic,SLC44A3
SAMPLE41,intronic,FLT3
SAMPLE41,exonic,CDH1
SAMPLE41,exonic,AZGP1
SAMPLE41,intronic,BRAF
SAMPLE41,exonic,KRAS
SAMPLE41,intronic,FLT3
SAMPLE41,intronic,SLC44A3
SAMPLE41,intronic,BRAF
SAMPLE41,ncRNA_intronic,BRAF
SAMPLE41,intronic,FLT3
SAMPLE41,downstream,BAP1
SAMPLE41,intronic,AZGP1
SAMPLE41,intronic,BRAF
SAMPLE41,intronic,CDH1
SAMPLE41,exonic,NRAS
SAMPLE41,UTR5,CDKN2A
SAMPLE41,exonic,CDKN2A
SAMPLE41,exonic,CDH1
SAMPLE41,exonic,AKT1
SAMPLE41,exonic,AKT1
SAMPLE41,exonic,CDKN2A
SAMPLE41,intronic,ARID2
SAMPLE41,intronic,CDKN2A
SAMPLE41,intronic,BAP1
SAMPLE41,intronic,NRAS
SAMPLE41,intronic,AZGP1
SAMPLE42,ncRNA_exonic,RUNX1
SAMPLE42,intronic,FLT3
SAMPLE42,exonic,NRAS
SAMPLE42,intronic,IDH1
SAMPLE42,intronic,IDH1
SAMPLE42,exonic,IDH1
SAMPLE42,ncRNA_exonic,NRAS
SAMPLE42,intronic,CDH1
SAMPLE42,intronic,PIK3R1
SAMPLE42,exonic,MAP2K4
SAMPLE42,intronic,CDKN2A
SAMPLE42,exonic,PIK3R1
SAMPLE42,intronic,RUNX1
SAMPLE42,exonic,IDH1
SAMPLE42,exonic,NSD1
SAMPLE42,intronic,NRAS
SAMPLE42,intronic,NRAS
SAMPLE42,exonic,CDKN2A
SAMPLE42,exonic,PTEN
SAMPLE42,intronic,NRAS
SAMPLE42,intergenic,FLT3
SAMPLE42,exonic,FLT3
SAMPLE42,downstream,RUNX1
SAMPLE42,intronic,IDH1
SAMPLE42,intronic,NSD1
SAMPLE42,intronic,NSD1
SAMPLE42,exonic,CDH1
SAMPLE42,exonic,NSD1
SAMPLE42,exonic,RUNX1
SAMPLE42,intronic,NRAS
SAMPLE42,intronic,PTEN
SAMPLE42,intronic,NSD1
SAMPLE42,exonic,NSD1
SAMPLE42,intronic,PIK3R1
SAMPLE42,intronic,FLT3
SAMPLE42,intronic,NRAS
SAMPLE42,intronic,PIK3R1
SAMPLE42,intronic,NSD1
SAMPLE42,intronic,MAP2K4
SAMPLE42,exonic,NSD1
SAMPLE42,intronic,MAP2K4
SAMPLE42,intronic,CDH1
SAMPLE42,intronic,NSD1
SAMPLE42,exonic,IDH1
SAMPLE43,exonic,KDM5C
SAMPLE43,intronic,NRAS
SAMPLE43,downstream,APC
SAMPLE43,exonic,KDM5C
SAMPLE43,intronic,CNBD1
SAMPLE43,intronic,CDH1
SAMPLE43,exonic,WT1
SAMPLE43,exonic,RAC1
SAMPLE43,exonic,CDKN2A
SAMPLE43,intronic,CTCF
SAMPLE43,intronic,ARID2
SAMPLE43,ncRNA_intronic,PIK3CA
SAMPLE43,intronic,RAC1
SAMPLE43,exonic,KDM5C
SAMPLE43,intronic,IDH1
SAMPLE43,exonic,RAC1
SAMPLE43,intronic,CTCF
SAMPLE43,intronic,KDM5C
SAMPLE43,intronic,MAP3K1
SAMPLE43,exonic,APC
SAMPLE43,intronic,WT1
SAMPLE43,intronic,IDH1
SAMPLE43,intronic,KDM5C
SAMPLE43,exonic,APC
SAMPLE43,intronic,MAP3K1
SAMPLE43,intergenic,WT1
SAMPLE43,exonic,CDKN2A
SAMPLE43,intronic,CDKN2A
SAMPLE43,exonic,MAP3K1
SAMPLE43,intergenic,CDKN2A
SAMPLE43,intronic,APC
SAMPLE43,ncRNA_splicing,APC
SAMPLE43,exonic,APC
SAMPLE43,splicing,IDH1
SAMPLE43,intronic,NRAS
SAMPLE43,UTR3,PIK3CA
SAMPLE43,intronic,PIK3CA
SAMPLE43,exonic,IDH1
SAMPLE43,intronic,CDKN2A
SAMPLE44,ncRNA_exonic,HRAS
SAMPLE44,UTR5,KDM5C
SAMPLE44,intronic,TP53
SAMPLE44,splicing,APC
SAMPLE44,intronic,TP53
SAMPLE44,exonic,ZNF483
SAMPLE44,exonic,TP53
SAMPLE44,intronic,ZNF483
SAMPLE44,ncRNA_exonic,HRAS
SAMPLE44,exonic,NRAS
SAMPLE44,intronic,IDH1
SAMPLE44,intronic,NRAS
SAMPLE44,intronic,APC
SAMPLE44,intronic,HRAS
SAMPLE44,exonic,ZNF483
SAMPLE44,intronic,NRAS
SAMPLE44,upstream,IDH1
SAMPLE44,intronic,PIK3CA
SAMPLE44,UTR5,ARID1A
SAMPLE44,upstream,TP53
SAMPLE44,exonic,APC
SAMPLE44,exonic,ODAM
SAMPLE44,intronic,IDH1
SAMPLE44,intronic,KDM5C
SAMPLE44,exonic,IDH1
SAMPLE44,intronic,NRAS
SAMPLE44,ncRNA_intronic,APC
SAMPLE44,exonic,TP53
SAMPLE44,exonic,NRAS
SAMPLE44,downstream,APC
SAMPLE44,intronic,HRAS
SAMPLE44,exonic,ZNF483
SAMPLE44,intronic,PIK3CA
SAMPLE45,intronic,MAP3K1
SAMPLE45,intronic,STAG2
SAMPLE45,downstream,DNMT3A
SAMPLE45,exonic,APC
SAMPLE45,intronic,APC
SAMPLE45,ncRNA_intronic,NRAS
SAMPLE45,exonic,APC
SAMPLE45,intronic,STAG2
SAMPLE45,intronic,MAP3K1
SAMPLE45,exonic,MAP3K1
SAMPLE45,intronic,NRAS
SAMPLE45,intronic,NRAS
SAMPLE45,intronic,MAP3K1
SAMPLE45,intronic,MAP3K1
SAMPLE45,exonic,DNMT3A
SAMPLE45,intronic,MAP3K1
SAMPLE45,exonic,DNMT3A
SAMPLE45,exonic,APC
SAMPLE45,intronic,APC
SAMPLE45,exonic,NRAS
SAMPLE45,intronic,STAG2
SAMPLE45,exonic,APC
SAMPLE45,intronic,MAP3K1
SAMPLE45,exonic,NRAS
SAMPLE45,exonic,MAP3K1
SAMPLE45,intronic,STAG2
SAMPLE45,intronic,NRAS
SAMPLE45,exonic,NRAS
SAMPLE45,UTR3,DNMT3A
SAMPLE45,intronic,STAG2
SAMPLE45,exonic,MAP3K1
SAMPLE45,intronic,DNMT3A
SAMPLE45,downstream,APC
SAMPLE45,exonic,STAG2
SAMPLE45,intronic,NRAS
SAMPLE46,intronic,EP300
SAMPLE46,intronic,AKT1
SAMPLE46,exonic,MAP3K1
SAMPLE46,intronic,SMAD4
SAMPLE46,intronic,KRAS
SAMPLE46,ncRNA_exonic,SERPINB13
SAMPLE46,ncRNA_intronic,AKT1
SAMPLE46,UTR3,MLL
SAMPLE46,intronic,MLL
SAMPLE46,intergenic,AKT1
SAMPLE46,exonic,KRAS
SAMPLE46,intronic,SMAD4
SAMPLE46,intronic,KRAS
SAMPLE46,intronic,EP300
SAMPLE46,exonic,MLL
SAMPLE46,exonic,SERPINB13
SAMPLE46,downstream,MAP3K1
SAMPLE46,intronic,NPM1
SAMPLE46,intronic,EP300
SAMPLE46,intronic,AKT1
SAMPLE46,UTR3,SERPINB13
SAMPLE46,intronic,EP300
SAMPLE46,exonic,EP300
SAMPLE46,intronic,NPM1
SAMPLE46,exonic,MLL
SAMPLE46,exonic,SMAD4
SAMPLE46,exonic,PIK3R1
SAMPLE46,exonic,NPM1
SAMPLE46,exonic,NPM1
SAMPLE46,UTR3,SMAD4
SAMPLE46,exonic,PIK3R1
SAMPLE46,exonic,MLL
SAMPLE46,intronic,SERPINB13
SAMPLE46,exonic,NPM1
SAMPLE46,ncRNA_exonic,PIK3R1
SAMPLE46,intronic,MLL
SAMPLE46,intronic,EP300
SAMPLE46,intronic,KRAS
SAMPLE46,exonic,NPM1
SAMPLE46,intronic,AKT1
SAMPLE46,exonic,NPM1
SAMPLE46,exonic,SERPINB13
SAMPLE46,intronic,AKT1
SAMPLE46,exonic,PIK3R1
SAMPLE46,intronic,AKT1
SAMPLE46,intronic,SMAD4
SAMPLE46,intronic,MLL
SAMPLE46,exonic,MAP3K1
SAMPLE47,intronic,RUNX1
SAMPLE47,ncRNA_splicing,SETD2
SAMPLE47,exonic,SETD2
SAMPLE47,intronic,U2AF1
SAMPLE47,intronic,APC
SAMPLE47,intronic,SETD2
SAMPLE47,splicing,FAT1
SAMPLE47,exonic,KRAS
SAMPLE47,intronic,MYD88
SAMPLE47,exonic,U2AF1
SAMPLE47,exonic,U2AF1
SAMPLE47,exonic,KRAS
SAMPLE47,UTR5,MYD88
SAMPLE47,exonic,FLT3
SAMPLE47,UTR3,RUNX1
SAMPLE47,UTR3,MYD88
SAMPLE47,intronic,MYD88
SAMPLE47,ncRNA_exonic,KRAS
SAMPLE47,UTR3,MYD88
SAMPLE47,intronic,CTCF
SAMPLE47,downstream,APC
SAMPLE47,UTR5,CTCF
SAMPLE47,splicing,SMAD4
SAMPLE47,exonic,NFE2L2
SAMPLE48,exonic,PTPN11
SAMPLE48,intronic,IDH2
SAMPLE48,intronic,PTPN11
SAMPLE48,exonic,PTPN11
SAMPLE48,exonic,NF1
SAMPLE48,intergenic,PTEN
SAMPLE48,ncRNA_splicing,AKT1
SAMPLE48,ncRNA_intronic,SF3B1
SAMPLE48,intronic,KRAS
SAMPLE48,intronic,TP53
SAMPLE48,intronic,KRAS
SAMPLE48,exonic,AKT1
SAMPLE48,intronic,NF1
SAMPLE48,intronic,IDH2
SAMPLE48,exonic,KRAS
SAMPLE48,intronic,TP53
SAMPLE48,intronic,FAT1
SAMPLE48,ncRNA_exonic,NPM1
SAMPLE48,exonic,FAT1
SAMPLE48,splicing,KRAS
SAMPLE48,exonic,NFE2L2
SAMPLE48,intronic,CDKN2A
SAMPLE48,exonic,PTEN
SAMPLE48,exonic,NPM1
SAMPLE48,exonic,NF1
SAMPLE48,exonic,IDH2
SAMPLE48,intronic,TP53
SAMPLE48,intronic,IDH1
SAMPLE48,intronic,TP53
SAMPLE48,exonic,AKT1
SAMPLE48,intronic,KRAS
SAMPLE48,exonic,KRAS
SAMPLE48,exonic,FLG
SAMPLE48,exonic,SF3B1
SAMPLE48,exonic,IDH1
SAMPLE48,exonic,NFE2L2
SAMPLE48,exonic,FLG
SAMPLE48,intronic,NFE2L2
SAMPLE48,intronic,PTEN
SAMPLE48,exonic,AKT1
SAMPLE48,exonic,NF1
SAMPLE49,intronic,ARID2
SAMPLE49,intronic,U2AF1
SAMPLE49,intronic,ARID2
SAMPLE49,intronic,U2AF1
SAMPLE49,exonic,ARID2
SAMPLE49,exonic,NPM1
SAMPLE49,ncRNA_intronic,EGFR
SAMPLE49,intronic,QKI
SAMPLE49,UTR3,U2AF1
SAMPLE49,intronic,SMAD4
SAMPLE49,exonic,NPM1
SAMPLE49,intronic,NPM1
SAMPLE49,intronic,NPM1
SAMPLE49,exonic,QKI
SAMPLE49,intronic,ARID2
SAMPLE49,intronic,EGFR
SAMPLE49,exonic,PTEN
SAMPLE49,exonic,PTEN
SAMPLE49,ncRNA_exonic,AZGP1
SAMPLE49,intronic,SMAD4
SAMPLE49,exonic,PTEN
SAMPLE49,exonic,PTEN
SAMPLE49,exonic,AZGP1
SAMPLE49,exonic,ARID2
SAMPLE49,upstream,ARID2
SAMPLE49,intronic,NPM1
SAMPLE49,intronic,CBFB
SAMPLE49,intronic,QKI
SAMPLE49,upstream,SMAD4
SAMPLE49,intronic,U2AF1
SAMPLE49,intronic,U2AF1
SAMPLE49,exonic,SMAD4
SAMPLE49,ncRNA_splicing,NPM1
SAMPLE49,intronic,CBFB
SAMPLE49,intronic,U2AF1
SAMPLE49,intronic,EGFR
SAMPLE49,intronic,NPM1
SAMPLE49,intronic,B2M
SAMPLE49,intronic,U2AF1
SAMPLE49,intronic,QKI
SAMPLE49,intronic,SMAD4
SAMPLE49,intronic,U2AF1
SAMPLE49,intronic,QKI
SAMPLE49,exonic,NPM1
SAMPLE49,exonic,U2AF1
SAMPLE50,intronic,MAP3K1
SAMPLE50,upstream,NFE2L2
SAMPLE50,intronic,BRAF
SAMPLE50,intronic,XPO1
SAMPLE50,intronic,ZNF750
SAMPLE50,exonic,BRAF
SAMPLE50,exonic,IDH2
SAMPLE50,exonic,KRAS
SAMPLE50,splicing,ZNF750
SAMPLE50,intronic,MLL4
SAMPLE50,splicing,KRAS
SAMPLE50,UTR5,XPO1
SAMPLE50,intronic,MAP3K1
SAMPLE50,downstream,NFE2L2
SAMPLE50,exonic,ZNF750
SAMPLE50,intronic,NOTCH1
SAMPLE50,intronic,KRAS
SAMPLE50,intronic,ZNF750
SAMPLE50,intronic,NOTCH1
SAMPLE50,exonic,IDH2
SAMPLE50,intronic,KRAS
SAMPLE50,intronic,NOTCH1
SAMPLE50,exonic,NOTCH1
SAMPLE50,splicing,MAP3K1
SAMPLE50,exonic,IDH2
SAMPLE50,exonic,XPO1
SAMPLE50,exonic,MAP3K1
SAMPLE50,downstream,NOTCH1
SAMPLE50,intronic,IDH2
SAMPLE50,intronic,BRAF
SAMPLE50,UTR3,NFE2L2
SAMPLE50,intronic,NFE2L2
SAMPLE50,exonic,NFE2L2
SAMPLE50,intronic,BRAF
SAMPLE50,intronic,IDH2
SAMPLE51,exonic,PTEN
SAMPLE51,intronic,PIK3R1
SAMPLE51,intronic,PTEN
SAMPLE51,intronic,TXNDC8
SAMPLE51,exonic,CDH1
SAMPLE51,UTR5,PTEN
SAMPLE51,intronic,MAP3K1
SAMPLE51,intronic,MAP3K1
SAMPLE51,exonic,TXNDC8
SAMPLE51,ncRNA_exonic,TXNDC8
SAMPLE51,exonic,MAP3K1
SAMPLE51,intronic,CDH1
SAMPLE51,intronic,APC
SAMPLE51,exonic,MAP3K1
SAMPLE51,exonic,BRAF
SAMPLE51,intronic,APC
SAMPLE51,exonic,APC
SAMPLE51,UTR3,PTEN
SAMPLE51,UTR3,MAP3K1
SAMPLE51,intronic,PIK3R1
SAMPLE51,intronic,PTEN
SAMPLE51,intronic,PTEN
SAMPLE51,intronic,PTEN
SAMPLE51,intronic,TXNDC8
SAMPLE51,intronic,CDH1
SAMPLE51,intronic,PTEN
SAMPLE51,intronic,TXNDC8
SAMPLE51,exonic,TXNDC8
SAMPLE51,intronic,PTEN
SAMPLE51,exonic,BRAF
SAMPLE51,intronic,BRAF
SAMPLE51,ncRNA_splicing,BRAF
SAMPLE51,exonic,TXNDC8
SAMPLE51,exonic,MAP3K1
SAMPLE51,exonic,MAP3K1
SAMPLE51,exonic,PTEN
SAMPLE51,intronic,TXNDC8
SAMPLE51,intronic,TXNDC8
SAMPLE51,exonic,PIK3R1
SAMPLE51,intronic,BRAF
SAMPLE51,exonic,APC
SAMPLE51,intronic,TXNDC8
SAMPLE51,intronic,CDH1
SAMPLE51,exonic,APC
SAMPLE51,exonic,PTEN
SAMPLE51,ncRNA_intronic,MAP3K1
SAMPLE52,intronic,PTEN
SAMPLE52,exonic,BRAF
SAMPLE52,exonic,NF1
SAMPLE52,exonic,MTOR
SAMPLE52,intronic,OMA1
SAMPLE52,exonic,OMA1
SAMPLE52,exonic,BRAF
SAMPLE52,exonic,NF1
SAMPLE52,intronic,DNMT3A
SAMPLE52,intronic,NF1
SAMPLE52,intronic,TCP11L2
SAMPLE52,intronic,RB1
SAMPLE52,exonic,TCP11L2
SAMPLE52,intronic,KEAP1
SAMPLE52,intronic,RB1
SAMPLE52,exonic,KEAP1
SAMPLE52,intronic,NF1
SAMPLE52,ncRNA_exonic,BRAF
SAMPLE52,exonic,DNMT3A
SAMPLE52,exonic,RB1
SAMPLE52,exonic,DNMT3A
SAMPLE53,intronic,FLT3
SAMPLE53,intronic,VHL
SAMPLE53,exonic,APC
SAMPLE53,exonic,IDH1
SAMPLE53,intronic,VHL
SAMPLE53,intronic,PPM1D
SAMPLE53,intronic,IDH1
SAMPLE53,intronic,BRAF
SAMPLE53,intronic,PIK3CA
SAMPLE53,splicing,PPP2R1A
SAMPLE53,intronic,IDH1
SAMPLE53,ncRNA_splicing,IDH1
SAMPLE53,intronic,PPM1D
SAMPLE53,exonic,FLT3
SAMPLE53,intronic,PIK3CA
SAMPLE53,intronic,PIK3CA
SAMPLE53,intronic,IDH1
SAMPLE53,intronic,VHL
SAMPLE53,intronic,GATA3
SAMPLE53,intronic,APC
SAMPLE53,upstream,FAT1
SAMPLE53,exonic,APC
SAMPLE53,intronic,PPM1D
SAMPLE53,exonic,MAP3K1
SAMPLE53,exonic,BRAF
SAMPLE53,exonic,PIK3CA
SAMPLE53,intronic,MAP3K1
SAMPLE53,exonic,PPP2R1A
SAMPLE53,exonic,VHL
SAMPLE53,intronic,PIK3CA
SAMPLE53,intronic,PPM1D
SAMPLE53,intronic,BRAF
SAMPLE53,exonic,FAT1
SAMPLE53,intronic,VHL
SAMPLE53,intronic,PPP2R1A
SAMPLE53,exonic,BRAF
SAMPLE53,intronic,VHL
SAMPLE53,exonic,IDH1
SAMPLE53,exonic,GATA3
SAMPLE53,upstream,PIK3CA
SAMPLE53,ncRNA_intronic,IDH1
SAMPLE53,exonic,IDH1
SAMPLE53,exonic,GATA3
SAMPLE54,intronic,SELP
SAMPLE54,intronic,AKT1
SAMPLE54,intronic,CDH1
SAMPLE54,intronic,KRAS
SAMPLE54,intronic,CDH1
SAMPLE54,intronic,HRAS
SAMPLE54,ncRNA_exonic,MAP3K1
SAMPLE54,intronic,NFE2L2
SAMPLE54,intronic,SELP
SAMPLE54,intronic,NFE2L2
SAMPLE54,exonic,CDH1
SAMPLE54,intronic,KRAS
SAMPLE54,intronic,MAP3K1
SAMPLE54,intronic,TP53
SAMPLE54,UTR5,HRAS
SAMPLE54,intronic,TP53
SAMPLE54,exonic,SETD2
SAMPLE54,intronic,MAP3K1
SAMPLE54,intronic,NFE2L2
SAMPLE54,intronic,HRAS
SAMPLE55,intronic,CASP8
SAMPLE55,intronic,FLT3
SAMPLE55,exonic,ARID1A
SAMPLE55,intronic,DNMT3A
SAMPLE55,intronic,GATA3
SAMPLE55,ncRNA_intronic,TRIM23
SAMPLE55,intronic,TP53
SAMPLE55,exonic,CASP8
SAMPLE55,intronic,FLT3
SAMPLE55,intronic,FLT3
SAMPLE55,intronic,MAP3K1
SAMPLE55,intergenic,TP53
SAMPLE55,upstream,DNMT3A
SAMPLE55,intronic,DNMT3A
SAMPLE55,intronic,NRAS
SAMPLE55,upstream,MAP3K1
SAMPLE55,exonic,NRAS
SAMPLE55,exonic,DNMT3A
SAMPLE55,exonic,TRIM23
SAMPLE55,intronic,TP53
SAMPLE55,intronic,FLT3
SAMPLE55,UTR3,TP53
SAMPLE55,ncRNA_intronic,CASP8
SAMPLE55,exonic,DNMT3A
SAMPLE55,exonic,MAP3K1
SAMPLE55,intronic,ARID1A
SAMPLE55,intronic,MAP3K1
SAMPLE55,intronic,DNMT3A
SAMPLE55,intronic,GATA3
SAMPLE55,intronic,ARID1A
SAMPLE55,ncRNA_intronic,DNMT3A
SAMPLE55,exonic,GATA3
SAMPLE55,intronic,DNMT3A
SAMPLE55,ncRNA_exonic,DNMT3A
SAMPLE55,intronic,CASP8
SAMPLE55,ncRNA_intronic,FLT3
SAMPLE55,exonic,FLT3
SAMPLE55,intronic,DNMT3A
SAMPLE55,exonic,TP53
SAMPLE55,exonic,FLT3
SAMPLE55,exonic,FLT3
SAMPLE55,exonic,TRIM23
SAMPLE55,ncRNA_exonic,TRIM23
SAMPLE55,exonic,TP53
SAMPLE55,intronic,ARID1A
SAMPLE55,ncRNA_splicing,GATA3
SAMPLE55,intronic,NPM1
SAMPLE55,intronic,TP53
SAMPLE55,intronic,TP53
SAMPLE56,exonic,CTNNB1
SAMPLE56,ncRNA_splicing,MAP2K4
SAMPLE56,exonic,MLL3
SAMPLE56,exonic,NRAS
SAMPLE56,UTR5,MLL3
SAMPLE56,exonic,CTNNB1
SAMPLE56,intronic,KDM6A
SAMPLE56,intronic,MAP2K4
SAMPLE56,upstream,SETD2
SAMPLE56,exonic,KDM6A
SAMPLE56,intronic,CDKN2A
SAMPLE56,intronic,WT1
SAMPLE56,upstream,APC
SAMPLE56,intronic,CTNNB1
SAMPLE56,intronic,SETD2
SAMPLE56,intronic,MLL3
SAMPLE56,intronic,SETD2
SAMPLE56,exonic,IRF4
SAMPLE56,intronic,MAP2K4
SAMPLE56,exonic,KRAS
SAMPLE56,exonic,MLL3
SAMPLE56,intronic,WT1
SAMPLE56,intronic,STK19
SAMPLE56,intronic,IRF4
SAMPLE56,intronic,IRF4
SAMPLE56,exonic,MLL3
SAMPLE56,exonic,IRF4
SAMPLE56,intronic,CDKN2A
SAMPLE56,exonic,CDKN2A
SAMPLE56,exonic,NRAS
SAMPLE57,exonic,BRE
SAMPLE57,intronic,TP53
SAMPLE57,intronic,PIK3CA
SAMPLE57,exonic,PTEN
SAMPLE57,intronic,GATA3
SAMPLE57,exonic,PIK3R1
SAMPLE57,ncRNA_splicing,PIK3CA
SAMPLE57,exonic,BRE
SAMPLE57,intronic,TP53
SAMPLE57,intronic,GATA3
SAMPLE57,intronic,PIK3CA
SAMPLE57,intronic,APC
SAMPLE57,intronic,BRAF
SAMPLE57,exonic,BAP1
SAMPLE57,ncRNA_exonic,APC
SAMPLE57,intronic,GATA3
SAMPLE57,UTR5,BAP1
SAMPLE57,intronic,ASXL1
SAMPLE57,intronic,PIK3R1
SAMPLE57,intronic,DNMT3A
SAMPLE57,intronic,BAP1
SAMPLE57,upstream,GATA3
SAMPLE57,intronic,TP53
SAMPLE57,exonic,PTEN
SAMPLE57,UTR3,BAP1
SAMPLE57,exonic,DNMT3A
SAMPLE57,exonic,BRAF
SAMPLE57,exonic,APC
SAMPLE57,exonic,BRAF
SAMPLE57,exonic,TP53
SAMPLE57,exonic,PIK3CA
SAMPLE57,ncRNA_exonic,APC
SAMPLE57,exonic,DNMT3A
SAMPLE57,intronic,BAP1
SAMPLE57,ncRNA_splicing,ASXL1
SAMPLE57,intronic,APC
SAMPLE57,intronic,PIK3CA
SAMPLE57,intronic,PTEN
SAMPLE57,intronic,PIK3R1
SAMPLE57,exonic,KDM5C
SAMPLE57,intronic,ASXL1
SAMPLE57,exonic,ASXL1
SAMPLE57,intronic,BAP1
SAMPLE57,intronic,DNMT3A
SAMPLE57,exonic,ASXL1
SAMPLE58,intronic,ARID1A
SAMPLE58,intergenic,KRAS
SAMPLE58,intronic,SETD2
SAMPLE58,intronic,ARID1A
SAMPLE58,intronic,KDM6A
SAMPLE58,exonic,SETD2
SAMPLE58,intronic,WT1
SAMPLE58,intronic,ARID1A
SAMPLE58,intronic,KRAS
SAMPLE58,ncRNA_intronic,PTEN
SAMPLE58,exonic,PLCG2
SAMPLE58,intergenic,EGFR
SAMPLE58,ncRNA_exonic,SETD2
SAMPLE58,intronic,EGFR
SAMPLE58,intronic,NTN4
SAMPLE58,intronic,DNAH12
SAMPLE58,ncRNA_intronic,NTN4
SAMPLE58,exonic,DNAH12
SAMPLE58,intronic,GATA3
SAMPLE58,exonic,DNAH12
SAMPLE58,exonic,CBFB
SAMPLE58,intronic,EGFR
SAMPLE58,exonic,AKT1
SAMPLE58,upstream,KDM6A
SAMPLE58,exonic,PLCG2
SAMPLE58,intronic,NTN4
SAMPLE58,intronic,ARHGAP35
SAMPLE58,exonic,KDM6A
SAMPLE58,intronic,EGFR
SAMPLE58,UTR3,DNAH12
SAMPLE58,exonic,KRAS
SAMPLE58,exonic,WT1
SAMPLE58,intronic,ARHGAP35
SAMPLE59,intronic,CTCF
SAMPLE59,intronic,CDH1
SAMPLE59,intronic,KEAP1
SAMPLE59,intronic,BRAF
SAMPLE59,intronic,SNX25
SAMPLE59,exonic,SPEN
SAMPLE59,intronic,SNX25
SAMPLE59,intronic,KEAP1
SAMPLE59,intronic,CTCF
SAMPLE59,intronic,APC
SAMPLE59,intronic,MAP2K4
SAMPLE59,exonic,SNX25
SAMPLE59,intronic,SPEN
SAMPLE59,UTR5,SPEN
SAMPLE59,intronic,CTCF
SAMPLE59,intronic,MAP3K1
SAMPLE59,intronic,KEAP1
SAMPLE59,exonic,MAP2K4
SAMPLE59,intronic,BRAF
SAMPLE59,upstream,SNX25
SAMPLE59,intronic,CDH1
SAMPLE59,exonic,NPM1
SAMPLE59,ncRNA_exonic,MAP3K1
SAMPLE59,ncRNA_intronic,CTCF
SAMPLE59,splicing,APC
SAMPLE59,exonic,BRAF
SAMPLE59,exonic,BRAF
SAMPLE59,intronic,APC
SAMPLE59,intronic,SPEN
SAMPLE59,intronic,BRAF
SAMPLE59,intronic,CDH1
SAMPLE59,intronic,IDH1
