ID,Chr1,Break1,Dir1,Chr2,Break2,Dir2,Ref,Alt,func,gene1,gene2,type
SAMPLE1,14,16019088,-,12,62784483,+,---,GACTC,deletion,LS7T1EG444,4GRRIO5AVR,inter-Chromosome
SAMPLE1,9,99412502,-,7,129302434,+,---,C-CT-,translocation,FQFW16UF5U,QP779MLPNV,inter-Chromosome
SAMPLE1,13,84663781,+,18,52991509,-,---,GTAAA,deletion,Q9VX1I9U3I,7XM09ETN40,inter-Chromosome
SAMPLE1,1,153160367,+,22,33751554,+,---,C-CCA,inversion,CEE2SPV1R1,PVYYQIVS8G,inter-Chromosome
SAMPLE1,18,12249358,-,3,146222593,+,---,GG-AC,translocation,HH9OL7CK6G,XD80LI4E6Q,inter-Chromosome
SAMPLE1,21,8658030,+,X,133492043,-,---,C-GAC,tandem_duplication,I20EVP15ZM,WPE8O5H237,inter-Chromosome
SAMPLE1,12,120178477,+,1,155354923,-,---,GCGC-,deletion,IMYXD3TCA4,3MNN5J0MDN,inter-Chromosome
SAMPLE2,11,101374238,+,22,26701405,+,---,TGGGT,translocation,FZ7LOS66RD,9WYBJR57E0,inter-Chromosome
SAMPLE2,2,121708638,-,7,137424167,-,---,G-TGA,translocation,5655M5E46B,HB14VJXDHV,inter-Chromosome
SAMPLE2,16,43027789,+,22,23791492,-,---,CCTCA,inversion,REFSIL0H2M,L5EA31R8U0,inter-Chromosome
SAMPLE2,19,3862589,-,16,37135239,+,---,TCCGC,deletion,1IRWHVZLH8,6FUR9YMZOH,inter-Chromosome
SAMPLE2,20,50294222,+,1,164250235,-,---,G-CCA,inversion,DOH5G0YRQ9,9TWYMR5CZ2,inter-Chromosome
SAMPLE2,X,67392415,+,15,3327412,+,---,CTGGT,translocation,EM36MRX9B3,G4FPLN527D,inter-Chromosome
SAMPLE3,22,34268355,+,10,19871820,+,---,TC-GT,tandem_duplication,9SVRQCFVCO,2BEWSO91FZ,inter-Chromosome
SAMPLE3,14,56600342,-,hs37d5,5744957,+,---,--CAA,deletion,UTLVCZ63SK,5I74M5NKDC,inter-Chromosome
SAMPLE3,Y,12191863,-,hs37d5,29189687,-,---,TG-G-,inversion,3PLD4C20IZ,BVYMBTIFKD,inter-Chromosome
SAMPLE3,GL000207.1,3328,-,6,144150737,-,---,AG-TC,translocation,XKRI162LXG,N63R323DXH,inter-Chromosome
SAMPLE3,2,51849987,-,20,47304716,+,---,CT---,inversion,9HK7LTVZST,DNCS44WCW0,inter-Chromosome
SAMPLE3,6,66742149,-,6,31916435,+,---,-AC-G,translocation,TJJCWQ6K6J,V5X8Y5QHVS,intra-Chromosome
SAMPLE3,8,107868940,-,hs37d5,20517614,+,---,-GACA,inversion,LSP7GZ27F6,K6820OYUDF,inter-Chromosome
SAMPLE4,8,135644313,-,3,116748248,-,---,CGTCC,translocation,UGR3O3UQS3,SOA8DC1SVF,inter-Chromosome
SAMPLE4,7,6037836,-,21,34855497,-,---,GCCC-,inversion,KEHLYR1QQS,F5J3QLOZ5I,inter-Chromosome
SAMPLE4,7,109724564,+,14,106387943,-,---,CCCTA,tandem_duplication,FUJKDGDW5K,E44HKKEN06,inter-Chromosome
SAMPLE4,1,100482630,-,hs37d5,17907103,+,---,CTC-C,tandem_duplication,Y782HJ5Y9Z,U0ZMURAWXL,inter-Chromosome
SAMPLE4,22,21329746,+,19,49132777,-,---,GT-A-,tandem_duplication,Z3JQJDLZ5Q,T456SI8NFE,inter-Chromosome
SAMPLE4,10,79484145,+,22,48499740,-,---,CC-AG,translocation,BEW4LC26A9,U985JNNU2W,inter-Chromosome
SAMPLE4,10,79484145,+,17,20945220,-,---,CC-AG,translocation,BEW4LC26A9,U985JNNU2W,inter-Chromosome
SAMPLE4,11,122930352,+,22,22765050,-,---,-AGCG,deletion,46NNN0OFRV,JPUS6N5749,inter-Chromosome
SAMPLE4,Y,30102935,+,17,20945220,-,---,T-GT-,translocation,WX0R8IGEK7,EUAXA4NFHN,inter-Chromosome
SAMPLE4,7,88998071,-,7,88999025,+,---,--TG-,inversion,523QAD1C8I,523QAD1C8I,intra-Chromosome
SAMPLE4,7,134692916,-,6,59279632,-,---,TG--A,tandem_duplication,QVH5C6GNQK,LUJESA5CAC,inter-Chromosome
SAMPLE4,4,18658364,-,4,18658859,-,---,C--GG,deletion,76CX2VBN92,76CX2VBN92,intra-Chromosome
SAMPLE4,6,58073561,+,7,113049570,-,---,AATAC,inversion,XQY7GCETVS,PHN2WTGOLS,inter-Chromosome
SAMPLE4,11,116735804,+,GL000207.1,3110,-,---,GT-TT,inversion,ZD4TVVRU35,674VCOWP3Y,inter-Chromosome
SAMPLE4,22,12753561,+,10,93983219,-,---,TTTCG,tandem_duplication,OWWS9EYKPA,7LYZCPRWQE,inter-Chromosome
SAMPLE4,10,127888623,-,10,127889381,-,---,AGG-T,tandem_duplication,1V92D2XBKB,1V92D2XBKB,intra-Chromosome
SAMPLE5,6,170379443,-,17,80831681,-,---,TCTT-,deletion,LEEM78T94A,7XL15GMBTG,inter-Chromosome
SAMPLE5,GL000207.1,3798,-,11,19274204,-,---,C--CT,inversion,REDDMI708P,HLQCR963R5,inter-Chromosome
SAMPLE5,9,1133301,-,7,134732389,+,---,TCAGG,tandem_duplication,AUGJHPYY5R,XVL9G2Y5X9,inter-Chromosome
SAMPLE5,8,77149226,+,16,26753461,-,---,AGGC-,tandem_duplication,H0Y20DBD1E,5NKT2ASPG3,inter-Chromosome
SAMPLE5,7,16278731,+,10,83172731,-,---,AGT-C,translocation,93AESRZLEE,YZ6WS39WMB,inter-Chromosome
SAMPLE5,8,64172480,-,hs37d5,3222490,-,---,CTC-A,deletion,SNDFVFEKBO,L6SHOG66XA,inter-Chromosome
SAMPLE5,11,83471004,+,14,85966489,+,---,A--AA,inversion,L7M0UDTPQ5,M4DTGT0ML5,inter-Chromosome
SAMPLE5,5,20810285,+,22,7340004,+,---,AC-TT,tandem_duplication,71MB9E5TTO,JAUV7W6UKT,inter-Chromosome
SAMPLE5,6,123764501,-,MT,15967,-,---,G-TAT,tandem_duplication,JQYJGDA55A,504A48IU6C,inter-Chromosome
SAMPLE5,7,150114646,+,Y,3930914,-,---,CTGG-,translocation,NSOMTTCSG2,QM0BXA34DC,inter-Chromosome
SAMPLE6,GL000207.1,1542,+,16,75625963,-,---,TTA-A,deletion,HG1U0188IV,TR7XVJJYVH,inter-Chromosome
SAMPLE6,21,3692977,-,21,44510875,+,---,GT-CA,tandem_duplication,RV1LGQXB9D,7SBB6O5SCF,intra-Chromosome
SAMPLE6,18,17920148,+,X,144608009,+,---,G-G-G,inversion,TNFICY6HOP,FLPJ3LKYEK,inter-Chromosome
SAMPLE6,3,144849151,+,GL000207.1,466,-,---,GTC-T,tandem_duplication,XU8KX6X3HX,TNVR87G29C,inter-Chromosome
SAMPLE6,4,149672094,+,3,185716105,+,---,CTAGC,inversion,FU23DJ4Q20,MLKJP6DHMF,inter-Chromosome
SAMPLE6,15,30455273,-,2,78238193,-,---,TT--A,translocation,SHU259UCN0,ERQ3B751EJ,inter-Chromosome
SAMPLE6,18,31707099,+,2,187464066,-,---,AG-CT,deletion,3BBXNLV4L0,2KCD4ABQKF,inter-Chromosome
SAMPLE6,2,173488014,+,NC_007605,31062,-,---,GAG--,translocation,RQ1KEQ7Q66,7KSGAERDHY,inter-Chromosome
SAMPLE6,X,13113310,-,22,22014231,-,---,ATAGC,tandem_duplication,EJWJPOI28R,8TCTGP98KC,inter-Chromosome
SAMPLE6,8,43600568,-,11,4511056,-,---,TGAGA,deletion,CLQE7SHAC0,ZAR4QCMZQC,inter-Chromosome
SAMPLE6,MT,14414,-,10,98068539,-,---,--G-T,tandem_duplication,JVM20FPC5D,OPLLGJB9EZ,inter-Chromosome
SAMPLE6,7,121989817,+,8,145405637,+,---,G-C--,translocation,X0ACLQM3T6,Y3ZK0NSAAI,inter-Chromosome
SAMPLE6,16,67070418,+,3,1508171,+,---,T-T--,translocation,2PL9Y1IHDT,K5OMKPB6X1,inter-Chromosome
SAMPLE6,1,244043779,+,1,71692260,+,---,G-GAA,tandem_duplication,80UBEXTRIK,EGRJWCKCR4,intra-Chromosome
SAMPLE6,NC_007605,150050,-,MT,6326,-,---,GC-AA,tandem_duplication,NMCYXJ0HAE,K591YCUFSW,inter-Chromosome
SAMPLE7,13,108406515,-,4,103771354,-,---,A-AGA,tandem_duplication,D4MV8CVUMH,7GO6H15CL3,inter-Chromosome
SAMPLE7,1,192482367,-,17,39548764,-,---,A-GTT,tandem_duplication,GBSS53RWD7,7GFQ9EX33K,inter-Chromosome
SAMPLE7,5,156624669,+,GL000207.1,314,-,---,TGACC,deletion,ONWK7YL6X2,AQPZL2HG96,inter-Chromosome
SAMPLE7,19,24395717,-,3,10876086,-,---,GATCT,tandem_duplication,G9R6FMQ0UX,40ZZ3JOOCL,inter-Chromosome
SAMPLE7,4,174399989,+,20,59075611,+,---,TTGCG,inversion,P0AFN2SI82,XO7PGNX7TR,inter-Chromosome
SAMPLE7,7,7433935,-,11,28020133,-,---,TCTTG,inversion,FI152UQ37C,89X8VFQJCD,inter-Chromosome
SAMPLE7,7,30987719,+,15,31607367,+,---,CTGA-,tandem_duplication,1JIJ86YDS3,CL4XGDKUG0,inter-Chromosome
SAMPLE8,NC_007605,132231,+,NC_007605,153898,-,---,-TTAC,tandem_duplication,XVXL1YUNY3,N5ATVJNVX9,intra-Chromosome
SAMPLE8,12,5808948,+,1,126650799,+,---,CATGA,inversion,DHHTZS0BXA,9R3ZGE3IXH,inter-Chromosome
SAMPLE8,X,62416825,-,9,103363021,+,---,CCACC,deletion,7AX4FKAKAK,HF1ETI110G,inter-Chromosome
SAMPLE8,22,49569332,-,11,43957639,-,---,CCC-A,tandem_duplication,ZJGH7LM6AV,9L8Z8B3IMV,inter-Chromosome
SAMPLE8,18,33987824,+,9,20235198,-,---,CGA-T,tandem_duplication,8XM6N804SW,AX3PXI48GR,inter-Chromosome
SAMPLE8,5,62079602,+,GL000207.1,2272,+,---,GAC-C,tandem_duplication,BZB7B4WFB3,NCNV4H14CN,inter-Chromosome
SAMPLE8,12,82038786,+,4,188188728,-,---,GAG-A,deletion,S129U3CYCM,8YJYOLTITN,inter-Chromosome
SAMPLE8,1,238731382,+,5,147513508,+,---,GAGTC,tandem_duplication,XLUN7MJTAJ,GN5Z3BYX2X,inter-Chromosome
SAMPLE8,hs37d5,25716840,+,GL000207.1,2466,-,---,CCGAA,deletion,7AUVMCJYB0,3GTL425DT3,inter-Chromosome
SAMPLE8,19,30665368,-,15,88366003,-,---,C-C-C,deletion,GK7YOHPRXS,CT1IP0EUVH,inter-Chromosome
SAMPLE8,14,82447532,-,21,15166596,-,---,AGAGT,deletion,496U6Z0SVN,MURBDM2A6G,inter-Chromosome
SAMPLE8,21,17082231,-,20,15076736,-,---,AT-G-,inversion,CO9P7G1IGG,14AI31M02V,inter-Chromosome
SAMPLE8,1,139050751,+,19,17400358,+,---,G--GA,inversion,CAWBGB2XGN,OPGCA72Z00,inter-Chromosome
SAMPLE8,18,23976076,+,GL000207.1,723,+,---,CAAC-,tandem_duplication,A9OHBGXCKQ,NBM30OQVRU,inter-Chromosome
SAMPLE8,11,60328961,+,GL000207.1,256,+,---,ATCC-,translocation,ZH4PZ0U4A0,1HMPWUWLET,inter-Chromosome
SAMPLE9,16,23453480,+,GL000207.1,3057,+,---,G-TTG,deletion,98ZYJ5ALOV,5FUH1AZPA0,inter-Chromosome
SAMPLE9,7,95490728,+,9,89410590,-,---,TTGCT,deletion,FYDK568GIN,UJX2LBYPRZ,inter-Chromosome
SAMPLE9,10,21675120,+,Y,27300286,+,---,T-GAG,tandem_duplication,WEK2P6N7A8,GO8C5MYWF9,inter-Chromosome
SAMPLE9,NC_007605,118889,-,Y,30353363,+,---,ACG-C,inversion,XQ6Q60YSHM,LVVFCGGKMT,inter-Chromosome
SAMPLE9,2,172625375,+,3,140646175,-,---,AACGG,inversion,RIYAPG7Y85,EMJPDIYB8B,inter-Chromosome
SAMPLE9,9,1853842,-,18,59233042,-,---,AATA-,deletion,IEOOJSNII2,H52A5JY270,inter-Chromosome
SAMPLE9,9,54636902,+,14,55352858,+,---,GTATC,translocation,1UWZ33GM3B,MKR4ZN37FR,inter-Chromosome
SAMPLE9,8,21951154,-,7,54405063,-,---,T-GGA,translocation,MHS14HPP3R,X0EYXQTYU2,inter-Chromosome
SAMPLE9,15,42446898,-,20,9996637,-,---,CC-AG,tandem_duplication,UNHE56HB00,ATU9W7QOBH,inter-Chromosome
SAMPLE9,1,8928882,-,Y,33387475,+,---,T-T--,inversion,LH7ZVFY9KG,NGMDE51OG3,inter-Chromosome
SAMPLE9,16,32688406,-,8,77568655,+,---,-CAGA,inversion,QIS13ZEE2H,SCZE01KD0Z,inter-Chromosome
SAMPLE9,6,103119146,-,6,939420,-,---,T-CCC,deletion,ZPU0C5WVUB,F6JNF1FF11,intra-Chromosome
SAMPLE9,19,14532685,+,10,6879161,+,---,A-GG-,deletion,YB2O0CHDU4,4PSGVQVNXP,inter-Chromosome
SAMPLE9,NC_007605,28282,+,2,148488908,-,---,AAG-T,translocation,FTSARDD149,ROWAODH5YS,inter-Chromosome
SAMPLE10,6,22883110,+,13,103743864,-,---,AGG-C,inversion,RE9I9P9P2B,P0L7N6I28J,inter-Chromosome
SAMPLE10,MT,7973,-,10,64589648,-,---,GTGGA,inversion,ROFVKMI6XN,NRB5TIGW31,inter-Chromosome
SAMPLE10,4,170386551,-,10,18115326,-,---,ATAAT,translocation,7HK6HBA03P,B2I9RFL1QS,inter-Chromosome
SAMPLE10,13,1987292,-,16,30986341,-,---,CTA--,tandem_duplication,20LWDLGBW9,ZP6CM7GTIZ,inter-Chromosome
SAMPLE10,15,98927733,+,20,45592948,+,---,--ATT,translocation,F7RNE23QBU,UXHC93P2H6,inter-Chromosome
SAMPLE10,10,23863882,+,5,171994772,+,---,TGCTC,inversion,GEEUZIZ38F,ATLMZ8104J,inter-Chromosome
SAMPLE10,X,38494022,+,8,41894232,-,---,C-CTA,translocation,FCB5OOKVCS,LOFLF6ZT3A,inter-Chromosome
SAMPLE10,14,72225317,+,13,80044106,-,---,TTTTA,tandem_duplication,ELNV107ABY,JRKN4SU57O,inter-Chromosome
SAMPLE10,4,43738331,-,MT,1988,-,---,CGG-A,translocation,PPCSBZWERV,I5OIRYQP8I,inter-Chromosome
SAMPLE10,12,40058944,+,1,248492226,-,---,TGGTT,deletion,PAJPAEH2O7,X3ZE2O929G,inter-Chromosome
SAMPLE10,X,14558186,-,15,22615302,-,---,CAATT,inversion,6SRCV24HTA,W9F9D9M11L,inter-Chromosome
SAMPLE10,10,59857362,+,8,15918102,-,---,--AT-,tandem_duplication,GG53SLDQZQ,EX3SWZNHFF,inter-Chromosome
SAMPLE10,10,62237971,+,NC_007605,139416,+,---,TCTTA,tandem_duplication,9D66W8DIC5,JERZRZ8AGT,inter-Chromosome
