Sample,Chr,Start,Ref,Alt,MutationType,Gene
SAMPLE00,chr10,8114472,A,C,intronic,GATA3
SAMPLE00,chr13,28644892,G,-,intronic,FLT3
SAMPLE00,chr13,28664636,-,G,intronic,FLT3
SAMPLE00,chr16,68795521,-,T,UTR3,CDH1
SAMPLE00,chr10,8117068,G,T,exonic,GATA3
SAMPLE00,chr3,178906688,G,A,intronic,PIK3CA
SAMPLE00,chr13,28603715,G,-,intergenic,FLT3
SAMPLE00,chr14,103368263,G,C,intronic,TRAF3
SAMPLE00,chr1,26505548,T,C,exonic,CNKSR1
SAMPLE00,chr7,140619975,-,G,intronic,BRAF
SAMPLE00,chr14,103320225,-,T,downstream,TRAF3
SAMPLE00,chr16,68855428,T,-,exonic,CDH1
SAMPLE00,chr12,25401272,C,T,exonic,KRAS
SAMPLE00,chr10,89687907,C,A,exonic,PTEN
SAMPLE00,chr1,26513111,-,T,intronic,CNKSR1
SAMPLE00,chr10,89691359,C,T,exonic,PTEN
SAMPLE00,chr10,8116977,-,A,exonic,GATA3
SAMPLE00,chr13,28586656,G,T,exonic,FLT3
SAMPLE00,chr10,89653886,A,C,intronic,PTEN
SAMPLE00,chr16,68836998,C,T,exonic,CDH1
SAMPLE00,chr12,25399424,T,-,UTR3,KRAS
SAMPLE01,chr10,96255604,T,C,intronic,TBC1D12
SAMPLE01,chr13,27220832,T,G,splicing,WASF3
SAMPLE01,chr6,44215264,-,A,intronic,HSP90AB1
SAMPLE01,chr13,27164711,-,A,intronic,WASF3
SAMPLE01,chr2,178109271,C,T,UTR3,NFE2L2
SAMPLE01,chr1,115253017,-,T,intronic,NRAS
SAMPLE01,chr1,115259257,G,T,exonic,NRAS
SAMPLE01,chr1,115257608,A,-,intronic,NRAS
SAMPLE01,chr15,31896118,A,T,ncRNA_splicing,OTUD7A
SAMPLE01,chr13,27152639,T,C,downstream,WASF3
SAMPLE01,chr1,115247618,C,A,intronic,NRAS
SAMPLE01,chr15,31849099,-,G,intronic,OTUD7A
SAMPLE01,chr13,27199149,-,T,intronic,WASF3
SAMPLE01,chr15,31784356,G,A,intronic,OTUD7A
SAMPLE01,chr6,44215791,T,C,intronic,HSP90AB1
SAMPLE01,chr10,96193066,G,C,intronic,TBC1D12
SAMPLE01,chr6,44219299,-,A,intronic,HSP90AB1
SAMPLE01,chr2,178099203,T,-,intronic,NFE2L2
SAMPLE01,chr6,44218898,T,-,intronic,HSP90AB1
SAMPLE01,chr10,96222590,T,G,intronic,TBC1D12
SAMPLE01,chr15,31799857,G,A,exonic,OTUD7A
SAMPLE01,chr13,27200438,A,-,intronic,WASF3
SAMPLE01,chr10,96245369,C,T,intronic,TBC1D12
SAMPLE01,chr1,115247289,-,G,exonic,NRAS
SAMPLE01,chr1,115248024,T,G,intronic,NRAS
SAMPLE01,chr6,44221471,C,A,ncRNA_splicing,HSP90AB1
SAMPLE01,chr2,178101335,C,G,intronic,NFE2L2
SAMPLE01,chr15,31813946,G,C,intronic,OTUD7A
SAMPLE01,chr15,31820606,T,A,exonic,OTUD7A
SAMPLE01,chr13,27142697,C,T,intronic,WASF3
SAMPLE02,chr10,8101399,G,T,intronic,GATA3
SAMPLE02,chr10,89708816,C,A,splicing,PTEN
SAMPLE02,chr4,153397912,T,A,intronic,FBXW7
SAMPLE02,chr10,8109781,T,G,intronic,GATA3
SAMPLE02,chr3,38523567,-,T,ncRNA_intronic,ACVR2B
SAMPLE02,chr2,25539241,-,T,intronic,DNMT3A
SAMPLE02,chr1,115250043,T,A,intronic,NRAS
SAMPLE02,chr6,131913047,-,C,intronic,MED23
SAMPLE02,chr10,8115635,A,-,exonic,GATA3
SAMPLE02,chr9,20495358,A,T,splicing,MLL2
SAMPLE02,chr1,115256405,T,C,exonic,NRAS
SAMPLE02,chr15,45010306,-,A,exonic,B2M
SAMPLE02,chr15,90638256,-,T,intronic,IDH2
SAMPLE02,chr15,90640749,-,C,intronic,IDH2
SAMPLE02,chr3,38505661,T,A,intronic,ACVR2B
SAMPLE02,chr1,115254645,T,G,intronic,NRAS
SAMPLE02,chr2,209115796,C,G,intronic,IDH1
SAMPLE02,chr1,115256411,T,-,intronic,NRAS
SAMPLE02,chr10,89701978,C,A,exonic,PTEN
SAMPLE02,chr10,8101233,-,G,exonic,GATA3
SAMPLE02,chr2,178106419,T,A,UTR5,NFE2L2
SAMPLE02,chr10,8102397,G,A,intronic,GATA3
SAMPLE02,chr2,178127026,C,-,exonic,NFE2L2
SAMPLE02,chr15,90635183,A,C,exonic,IDH2
SAMPLE02,chr2,25499257,G,C,ncRNA_splicing,DNMT3A
SAMPLE03,chr6,17438532,G,T,exonic,CAP2
SAMPLE03,chr3,178886831,G,A,intronic,PIK3CA
SAMPLE03,chr10,8101787,C,G,intronic,GATA3
SAMPLE03,chr16,4830815,G,A,downstream,12-Sep
SAMPLE03,chr5,67544127,T,-,intronic,PIK3R1
SAMPLE03,chr3,178912579,A,G,intronic,PIK3CA
SAMPLE03,chr16,67095977,G,A,intronic,CBFB
SAMPLE03,chr12,25381231,A,C,intronic,KRAS
SAMPLE03,chr16,67082750,C,T,exonic,CBFB
SAMPLE03,chr6,17422545,A,C,intronic,CAP2
SAMPLE03,chr12,25402356,T,A,exonic,KRAS
SAMPLE03,chr5,67516716,G,T,intronic,PIK3R1
SAMPLE03,chr6,17404377,T,C,exonic,CAP2
SAMPLE03,chr10,8104429,G,-,exonic,GATA3
SAMPLE03,chr16,67131296,A,T,exonic,CBFB
SAMPLE03,chr10,8100234,A,C,intronic,GATA3
SAMPLE03,chr2,25506049,-,T,intronic,DNMT3A
SAMPLE03,chr2,25512567,T,A,intronic,DNMT3A
SAMPLE03,chr6,17440401,T,A,intronic,CAP2
SAMPLE03,chr6,17466984,A,-,intronic,CAP2
SAMPLE03,chr5,67564295,C,G,splicing,PIK3R1
SAMPLE04,chr13,49017387,-,G,intronic,RB1
SAMPLE04,chr2,209119440,T,G,intronic,IDH1
SAMPLE04,chr12,96136888,G,A,exonic,NTN4
SAMPLE04,chr21,44516483,G,C,ncRNA_exonic,U2AF1
SAMPLE04,chr19,1210377,-,A,intronic,STK11
SAMPLE04,chr21,44527187,C,T,intronic,U2AF1
SAMPLE04,chr19,1227284,-,G,UTR3,STK11
SAMPLE04,chr5,170817661,-,T,intronic,NPM1
SAMPLE04,chr19,10605333,T,A,intronic,KEAP1
SAMPLE04,chr19,10612059,A,C,intronic,KEAP1
SAMPLE04,chr2,209110448,T,A,intronic,IDH1
SAMPLE04,chr2,209118158,G,C,intronic,IDH1
SAMPLE04,chr19,1207014,C,G,intronic,STK11
SAMPLE04,chr5,170830609,A,-,UTR3,NPM1
SAMPLE04,chr12,96136357,-,C,intronic,NTN4
SAMPLE04,chr10,89640203,-,A,intronic,PTEN
SAMPLE04,chr13,49003453,-,C,intronic,RB1
SAMPLE04,chr9,21976519,G,C,exonic,CDKN2A
SAMPLE04,chr13,49010399,-,G,exonic,RB1
SAMPLE04,chr5,170829197,T,A,exonic,NPM1
SAMPLE04,chr10,89669353,-,T,intronic,PTEN
SAMPLE04,chr19,10609640,T,C,exonic,KEAP1
SAMPLE04,chr21,44525839,G,-,exonic,U2AF1
SAMPLE04,chr2,209112563,C,A,intronic,IDH1
SAMPLE04,chr5,170817356,-,T,intronic,NPM1
SAMPLE04,chr13,48977963,T,G,downstream,RB1
SAMPLE04,chr9,21971970,T,C,exonic,CDKN2A
SAMPLE04,chr19,1214185,A,T,intronic,STK11
SAMPLE04,chr19,1222756,C,G,intronic,STK11
SAMPLE04,chr5,170823246,G,A,intronic,NPM1
SAMPLE04,chr13,48981928,G,C,exonic,RB1
SAMPLE04,chr2,209105293,A,-,exonic,IDH1
SAMPLE04,chr21,44514222,G,C,intronic,U2AF1
SAMPLE04,chr19,1213057,A,C,intronic,STK11
SAMPLE05,chr10,8114275,-,A,exonic,GATA3
SAMPLE05,chr10,89641787,C,-,intronic,PTEN
SAMPLE05,chr12,25363297,T,G,intronic,KRAS
SAMPLE05,chr10,89641442,T,-,intronic,PTEN
SAMPLE05,chr14,105247131,C,-,intronic,AKT1
SAMPLE05,chr9,20610392,G,A,intronic,MLL2
SAMPLE05,chr13,28612734,T,-,intronic,FLT3
SAMPLE05,chr10,8114952,T,C,ncRNA_exonic,GATA3
SAMPLE05,chr10,8111549,T,C,exonic,GATA3
SAMPLE05,chr12,25360745,G,T,UTR5,KRAS
SAMPLE05,chr12,25377069,-,G,exonic,KRAS
SAMPLE05,chr10,89637711,C,G,exonic,PTEN
SAMPLE05,chr15,90628559,C,T,intronic,IDH2
SAMPLE05,chr10,8110183,G,T,exonic,GATA3
SAMPLE05,chr13,28629166,T,-,intronic,FLT3
SAMPLE05,chr10,8098705,C,T,upstream,GATA3
SAMPLE05,chr14,105241959,C,T,upstream,AKT1
SAMPLE05,chr13,28599089,-,G,ncRNA_intronic,FLT3
SAMPLE05,chr13,28645872,-,G,ncRNA_intronic,FLT3
SAMPLE05,chr13,28613217,-,G,downstream,FLT3
SAMPLE05,chr13,28592721,G,C,exonic,FLT3
SAMPLE05,chr1,115254863,-,G,intronic,NRAS
SAMPLE05,chr10,89697435,G,C,splicing,PTEN
SAMPLE06,chr3,178884654,A,-,intronic,PIK3CA
SAMPLE06,chr7,140553253,-,G,intronic,BRAF
SAMPLE06,chr16,68859096,A,T,exonic,CDH1
SAMPLE06,chr3,178889176,-,C,exonic,PIK3CA
SAMPLE06,chr2,198267171,G,-,intronic,SF3B1
SAMPLE06,chr16,68851523,-,A,intronic,CDH1
SAMPLE06,chr3,178925984,G,C,intronic,PIK3CA
SAMPLE06,chr6,32815420,-,A,UTR5,TAP1
SAMPLE06,chr9,21973398,A,-,downstream,CDKN2A
SAMPLE06,chr7,140602088,A,-,exonic,BRAF
SAMPLE06,chr7,140447231,-,A,downstream,BRAF
SAMPLE06,chr16,68791699,-,G,intronic,CDH1
SAMPLE06,chr9,21978520,-,G,exonic,CDKN2A
SAMPLE06,chr7,140555893,G,C,exonic,BRAF
SAMPLE06,chr7,140562096,-,C,exonic,BRAF
SAMPLE06,chr9,21984425,C,T,exonic,CDKN2A
SAMPLE06,chr9,21988017,T,G,ncRNA_exonic,CDKN2A
SAMPLE06,chr16,68817647,A,T,intronic,CDH1
SAMPLE06,chr7,140488923,G,A,intronic,BRAF
SAMPLE06,chr7,140438640,-,A,intronic,BRAF
SAMPLE06,chr7,140584259,C,-,ncRNA_intronic,BRAF
SAMPLE06,chr16,68783775,C,-,intronic,CDH1
SAMPLE06,chr16,68842111,T,A,ncRNA_exonic,CDH1
SAMPLE06,chr3,178879431,C,T,splicing,PIK3CA
SAMPLE06,chr6,32815019,A,-,intronic,TAP1
SAMPLE06,chr7,140606275,C,G,intronic,BRAF
SAMPLE06,chr9,21977961,A,G,intronic,CDKN2A
SAMPLE06,chr16,68798639,A,G,intronic,CDH1
SAMPLE06,chr9,21982199,-,G,intronic,CDKN2A
SAMPLE06,chr3,178948398,A,C,intronic,PIK3CA
SAMPLE07,chr5,112169824,-,G,ncRNA_exonic,APC
SAMPLE07,chr3,52599318,G,A,exonic,PBRM1
SAMPLE07,chr9,21972112,T,A,intergenic,CDKN2A
SAMPLE07,chr9,21988105,-,C,splicing,CDKN2A
SAMPLE07,chr5,112146269,-,G,intronic,APC
SAMPLE07,chr13,28577926,-,C,ncRNA_splicing,FLT3
SAMPLE07,chr13,28650364,T,C,exonic,FLT3
SAMPLE07,chr13,28605388,-,A,intronic,FLT3
SAMPLE07,chr5,112168486,G,C,UTR3,APC
SAMPLE07,chr5,112106945,C,T,intronic,APC
SAMPLE07,chr5,112095120,A,C,intronic,APC
SAMPLE07,chr1,115247321,-,T,intronic,NRAS
SAMPLE07,chr17,7573190,-,T,ncRNA_exonic,TP53
SAMPLE07,chr3,52683142,A,T,intronic,PBRM1
SAMPLE07,chr5,56138448,G,T,exonic,MAP3K1
SAMPLE07,chr1,115250762,-,G,exonic,NRAS
SAMPLE07,chr3,52705521,-,T,UTR3,PBRM1
SAMPLE07,chr9,21973066,A,-,intronic,CDKN2A
SAMPLE07,chr17,7582844,C,G,exonic,TP53
SAMPLE07,chr1,115249837,A,T,intronic,NRAS
SAMPLE07,chr13,28646968,-,G,intronic,FLT3
SAMPLE07,chr9,21968894,G,-,exonic,CDKN2A
SAMPLE07,chr5,56122185,A,T,intronic,MAP3K1
SAMPLE07,chr5,67524838,A,-,intronic,PIK3R1
SAMPLE07,chr9,21972161,C,G,intronic,CDKN2A
SAMPLE08,chr2,25554857,A,T,intergenic,DNMT3A
SAMPLE08,chr4,153336606,T,-,intronic,FBXW7
SAMPLE08,chr19,1210212,G,T,intronic,STK11
SAMPLE08,chr10,89630065,-,G,intronic,PTEN
SAMPLE08,chr19,1209390,T,G,intronic,STK11
SAMPLE08,chr4,153311242,G,T,intronic,FBXW7
SAMPLE08,chr19,1225203,G,C,intronic,STK11
SAMPLE08,chr3,52441348,T,A,intronic,BAP1
SAMPLE08,chr2,25456087,-,C,intronic,DNMT3A
SAMPLE08,chr9,21972278,T,-,intronic,CDKN2A
SAMPLE08,chr21,44515583,A,T,upstream,U2AF1
SAMPLE08,chr19,1222005,C,G,exonic,STK11
SAMPLE08,chr21,44515088,T,C,UTR5,U2AF1
SAMPLE08,chr19,1222790,A,C,exonic,STK11
SAMPLE08,chr9,21986380,A,G,ncRNA_splicing,CDKN2A
SAMPLE08,chr1,115252789,A,-,intronic,NRAS
SAMPLE08,chr3,52437777,G,T,intronic,BAP1
SAMPLE08,chr1,115251746,-,C,intronic,NRAS
SAMPLE08,chr4,153406833,-,T,intronic,FBXW7
SAMPLE08,chr3,52443303,A,-,intronic,BAP1
SAMPLE08,chr1,115250516,C,T,intronic,NRAS
SAMPLE08,chr21,44518186,A,G,intronic,U2AF1
SAMPLE08,chr1,154511399,C,G,intronic,TDRD10
SAMPLE08,chr19,1211260,G,A,exonic,STK11
SAMPLE08,chr9,139410291,C,T,intronic,NOTCH1
SAMPLE08,chr19,1213155,C,-,intronic,STK11
SAMPLE08,chr21,44525548,-,G,intronic,U2AF1
SAMPLE08,chr21,44524051,A,T,intronic,U2AF1
SAMPLE08,chr1,115253476,C,T,exonic,NRAS
SAMPLE08,chr16,68777252,A,C,downstream,CDH1
SAMPLE08,chr3,52438592,T,C,intronic,BAP1
SAMPLE08,chr16,68849402,A,C,exonic,CDH1
SAMPLE08,chr21,44516619,-,A,intronic,U2AF1
SAMPLE09,chr2,202151293,-,G,exonic,CASP8
SAMPLE09,chr9,32444799,-,T,exonic,ACO1
SAMPLE09,chr9,32392771,T,G,splicing,ACO1
SAMPLE09,chr2,202139639,C,-,intronic,CASP8
SAMPLE09,chr2,209112852,G,A,exonic,IDH1
SAMPLE09,chrX,70349224,G,C,intronic,MED12
SAMPLE09,chr9,32441482,C,T,exonic,ACO1
SAMPLE09,chr9,32448587,C,-,intronic,ACO1
SAMPLE09,chr9,32392582,T,A,intronic,ACO1
SAMPLE09,chr18,48568146,G,C,intronic,SMAD4
SAMPLE09,chr9,32394372,T,G,upstream,ACO1
SAMPLE09,chrX,70349807,A,G,exonic,MED12
SAMPLE09,chr2,202135819,T,-,exonic,CASP8
SAMPLE09,chr18,48603958,G,C,exonic,SMAD4
SAMPLE09,chr2,202138203,A,G,ncRNA_exonic,CASP8
SAMPLE09,chrX,70357881,-,G,ncRNA_intronic,MED12
SAMPLE09,chr9,32402790,G,C,intronic,ACO1
SAMPLE09,chr9,32435944,A,G,exonic,ACO1
SAMPLE09,chr13,73342028,C,A,exonic,DIS3
SAMPLE09,chr2,209116476,G,T,intronic,IDH1
SAMPLE09,chr13,73353594,C,G,intronic,DIS3
SAMPLE09,chr9,32418704,G,C,ncRNA_splicing,ACO1
SAMPLE09,chr2,202135458,-,T,intronic,CASP8
SAMPLE09,chrX,70361859,G,-,exonic,MED12
SAMPLE09,chr9,32396154,A,C,ncRNA_exonic,ACO1
SAMPLE09,chr2,25556147,C,T,intronic,DNMT3A
SAMPLE09,chr9,32432187,-,G,intronic,ACO1
SAMPLE09,chr2,202151767,C,G,intronic,CASP8
SAMPLE09,chr2,202141370,-,A,intergenic,CASP8
SAMPLE09,chr9,32428333,G,-,intergenic,ACO1
SAMPLE09,chrX,70352958,A,C,UTR3,MED12
SAMPLE09,chr2,25471616,C,G,intronic,DNMT3A
SAMPLE09,chr9,32430501,-,G,exonic,ACO1
SAMPLE09,chr9,32423324,C,G,exonic,ACO1
SAMPLE09,chr18,48572482,T,G,intronic,SMAD4
SAMPLE09,chr2,202127068,A,T,intronic,CASP8
SAMPLE09,chr2,25470579,A,G,exonic,DNMT3A
SAMPLE09,chr2,25477564,C,A,ncRNA_intronic,DNMT3A
SAMPLE09,chrX,70345399,G,A,intronic,MED12
SAMPLE09,chrX,70349905,T,A,intronic,MED12
SAMPLE09,chr2,25529740,C,G,intronic,DNMT3A
SAMPLE10,chr5,67594895,-,G,exonic,PIK3R1
SAMPLE10,chr16,81989326,-,A,intronic,PLCG2
SAMPLE10,chrX,53238753,C,A,exonic,KDM5C
SAMPLE10,chr17,7575836,-,T,intronic,TP53
SAMPLE10,chr9,21985016,A,C,splicing,CDKN2A
SAMPLE10,chr11,534352,-,C,UTR5,HRAS
SAMPLE10,chr16,81824868,T,C,intergenic,PLCG2
SAMPLE10,chr3,178870794,C,G,intronic,PIK3CA
SAMPLE10,chr5,67546820,C,A,intronic,PIK3R1
SAMPLE10,chrX,53254451,C,T,downstream,KDM5C
SAMPLE10,chr9,21974665,A,C,exonic,CDKN2A
SAMPLE10,chr17,7588867,T,-,splicing,TP53
SAMPLE10,chrX,53225959,C,-,UTR3,KDM5C
SAMPLE10,chr2,25541791,T,A,exonic,DNMT3A
SAMPLE10,chrX,47022888,G,A,intronic,RBM10
SAMPLE10,chr10,89703126,-,G,intronic,PTEN
SAMPLE10,chr3,178921708,C,-,exonic,PIK3CA
SAMPLE10,chr10,89678494,G,T,intronic,PTEN
SAMPLE10,chr13,28603238,-,G,exonic,FLT3
SAMPLE10,chrX,47005015,C,A,exonic,RBM10
SAMPLE10,chrX,53221228,-,A,intronic,KDM5C
SAMPLE10,chr2,25544399,C,A,intronic,DNMT3A
SAMPLE10,chr3,178880186,C,A,intronic,PIK3CA
SAMPLE10,chr16,81985907,A,C,intronic,PLCG2
SAMPLE10,chr4,15938628,C,T,intronic,FGFBP1
SAMPLE10,chr2,25501679,G,C,exonic,DNMT3A
SAMPLE10,chrX,47046148,G,C,UTR3,RBM10
SAMPLE10,chr16,81817002,C,-,exonic,PLCG2
SAMPLE10,chrX,47012972,C,G,intronic,RBM10
SAMPLE10,chr2,25531557,T,C,ncRNA_splicing,DNMT3A
SAMPLE10,chr2,25482777,G,T,intronic,DNMT3A
SAMPLE10,chr10,89672420,-,A,downstream,PTEN
SAMPLE10,chrX,53224102,T,G,exonic,KDM5C
SAMPLE10,chrX,47019812,T,-,intronic,RBM10
SAMPLE10,chr3,178916875,A,T,intronic,PIK3CA
SAMPLE10,chr9,21990472,T,G,intronic,CDKN2A
SAMPLE10,chr9,21978486,-,G,ncRNA_splicing,CDKN2A
SAMPLE10,chr13,49025926,G,T,exonic,RB1
SAMPLE10,chr4,15939422,-,C,exonic,FGFBP1
SAMPLE10,chrX,53239165,T,-,exonic,KDM5C
SAMPLE10,chr5,67584506,C,-,intronic,PIK3R1
SAMPLE10,chr3,178882037,T,C,exonic,PIK3CA
SAMPLE10,chr4,15940037,-,T,exonic,FGFBP1
SAMPLE10,chr5,67543320,G,A,intronic,PIK3R1
SAMPLE10,chr9,21984665,T,C,intronic,CDKN2A
SAMPLE10,chr5,67561456,G,T,intronic,PIK3R1
SAMPLE10,chr16,81855997,G,-,intronic,PLCG2
SAMPLE10,chr13,48972472,A,-,exonic,RB1
SAMPLE11,chr5,170818562,-,C,exonic,NPM1
SAMPLE11,chr17,63551091,T,-,downstream,AXIN2
SAMPLE11,chr21,44516243,-,T,intronic,U2AF1
SAMPLE11,chr16,68832590,G,A,intronic,CDH1
SAMPLE11,chr17,63539861,G,T,intronic,AXIN2
SAMPLE11,chr17,47691462,-,A,intronic,SPOP
SAMPLE11,chr3,40550135,A,T,exonic,ZNF620
SAMPLE11,chr21,44523936,A,-,intronic,U2AF1
SAMPLE11,chr1,11274865,T,-,intronic,MTOR
SAMPLE11,chr7,55274954,A,G,exonic,EGFR
SAMPLE11,chr3,40547657,T,C,intronic,ZNF620
SAMPLE11,chr1,11311321,A,C,ncRNA_splicing,MTOR
SAMPLE11,chr1,11228617,C,T,exonic,MTOR
SAMPLE11,chr3,40550589,C,T,intronic,ZNF620
SAMPLE11,chr3,178893786,-,A,UTR3,PIK3CA
SAMPLE11,chr9,21975335,A,C,exonic,CDKN2A
SAMPLE11,chr9,21992236,T,C,upstream,CDKN2A
SAMPLE11,chr16,2014583,G,C,intronic,RPS2
SAMPLE11,chr7,55237687,G,C,intronic,EGFR
SAMPLE11,chr5,170837887,-,A,intronic,NPM1
SAMPLE11,chrX,41195324,G,T,downstream,DDX3X
SAMPLE11,chr17,63536924,G,T,intronic,AXIN2
SAMPLE11,chr21,44515761,C,-,exonic,U2AF1
SAMPLE11,chrX,41196682,C,G,UTR3,DDX3X
SAMPLE11,chr21,44521523,A,-,exonic,U2AF1
SAMPLE11,chr16,2013354,A,-,intronic,RPS2
SAMPLE11,chrX,41201039,T,G,intronic,DDX3X
SAMPLE11,chr5,170835150,C,T,intronic,NPM1
SAMPLE11,chr9,21991890,C,G,intergenic,CDKN2A
SAMPLE11,chr7,55167944,G,C,exonic,EGFR
SAMPLE11,chr1,11216793,C,G,exonic,MTOR
SAMPLE11,chr1,11256734,-,T,exonic,MTOR
SAMPLE11,chr3,178899543,A,T,exonic,PIK3CA
SAMPLE11,chr16,68826656,A,C,exonic,CDH1
SAMPLE12,chr10,123325960,T,G,intronic,FGFR2
SAMPLE12,chr17,12628970,-,T,intronic,MYOCD
SAMPLE12,chr6,136599156,C,G,intronic,BCLAF1
SAMPLE12,chr12,25368608,T,A,exonic,KRAS
SAMPLE12,chr1,115249044,A,C,intronic,NRAS
SAMPLE12,chr12,25393785,T,G,intronic,KRAS
SAMPLE12,chr17,29440057,C,-,ncRNA_splicing,NF1
SAMPLE12,chr12,25364740,A,C,intronic,KRAS
SAMPLE12,chr1,115249028,-,T,intronic,NRAS
SAMPLE12,chr5,67584989,G,-,exonic,PIK3R1
SAMPLE12,chr3,178879733,T,G,upstream,PIK3CA
SAMPLE12,chr17,12613319,T,C,intronic,MYOCD
SAMPLE12,chr9,21969904,-,A,exonic,CDKN2A
SAMPLE12,chr19,44984716,T,-,intronic,ZNF180
SAMPLE12,chr9,21969538,C,G,exonic,CDKN2A
SAMPLE12,chr17,29538277,T,C,splicing,NF1
SAMPLE12,chr3,178885742,C,G,exonic,PIK3CA
SAMPLE12,chr10,123285893,G,C,intronic,FGFR2
SAMPLE12,chr19,44984694,C,G,exonic,ZNF180
SAMPLE12,chr9,21968689,C,G,intronic,CDKN2A
SAMPLE12,chr17,12614908,A,-,exonic,MYOCD
SAMPLE12,chr19,44990035,T,-,exonic,ZNF180
SAMPLE12,chr1,115252937,G,A,exonic,NRAS
SAMPLE12,chr3,178937106,T,G,intronic,PIK3CA
SAMPLE12,chr5,67563043,-,G,intronic,PIK3R1
SAMPLE12,chr16,68772388,T,A,exonic,CDH1
SAMPLE12,chr16,68855797,G,T,exonic,CDH1
SAMPLE12,chr10,123240595,G,C,exonic,FGFR2
SAMPLE12,chr12,25388817,A,-,intronic,KRAS
SAMPLE12,chr10,89691243,A,C,intronic,PTEN
SAMPLE12,chr5,67552413,A,T,exonic,PIK3R1
SAMPLE12,chr1,115250668,C,T,splicing,NRAS
SAMPLE12,chr17,29560269,A,G,exonic,NF1
SAMPLE12,chr3,178938945,G,C,exonic,PIK3CA
SAMPLE12,chr19,45001738,C,G,exonic,ZNF180
SAMPLE12,chr10,123338560,-,T,intronic,FGFR2
SAMPLE12,chr19,45001163,-,A,intronic,ZNF180
SAMPLE12,chr10,89634700,C,-,intronic,PTEN
SAMPLE13,chr3,178944775,T,-,splicing,PIK3CA
SAMPLE13,chr1,27090451,-,T,intronic,ARID1A
SAMPLE13,chr11,111223356,G,C,intronic,POU2AF1
SAMPLE13,chr4,88123302,-,T,ncRNA_exonic,KLHL8
SAMPLE13,chr9,113088334,-,C,exonic,TXNDC8
SAMPLE13,chr11,5809198,-,A,exonic,OR52N1
SAMPLE13,chr20,30505661,A,C,exonic,TTLL9
SAMPLE13,chr11,111224179,G,-,intronic,POU2AF1
SAMPLE13,chr11,5809124,C,-,UTR3,OR52N1
SAMPLE13,chr5,112083045,A,G,intronic,APC
SAMPLE13,chr18,48557654,C,-,intergenic,SMAD4
SAMPLE13,chr18,48599630,G,T,UTR5,SMAD4
SAMPLE13,chr5,170825135,T,G,exonic,NPM1
SAMPLE13,chr2,198283898,T,-,intronic,SF3B1
SAMPLE13,chr16,68833890,G,T,intronic,CDH1
SAMPLE13,chr5,112137302,C,G,exonic,APC
SAMPLE13,chr4,88095329,T,G,intergenic,KLHL8
SAMPLE13,chr20,30508531,G,A,exonic,TTLL9
SAMPLE13,chr9,113079194,G,T,intronic,TXNDC8
SAMPLE13,chr5,170818845,A,T,intronic,NPM1
SAMPLE13,chr2,198285764,C,T,UTR5,SF3B1
SAMPLE13,chr10,8100481,-,C,intergenic,GATA3
SAMPLE13,chrX,123133092,-,C,exonic,STAG2
SAMPLE13,chr3,178945532,-,G,UTR3,PIK3CA
SAMPLE13,chr3,178920570,-,A,exonic,PIK3CA
SAMPLE13,chr2,25474799,G,-,exonic,DNMT3A
SAMPLE13,chrX,53244318,C,A,intronic,KDM5C
SAMPLE13,chr16,68832544,T,A,ncRNA_intronic,CDH1
SAMPLE14,chr9,20574844,A,-,intergenic,MLL3
SAMPLE14,chr5,67567861,G,T,UTR3,PIK3R1
SAMPLE14,chrX,48919387,T,-,intronic,CCDC120
SAMPLE14,chr9,20457354,T,A,intronic,MLL3
SAMPLE14,chr5,112151033,C,G,UTR5,APC
SAMPLE14,chr5,67513848,-,T,intronic,PIK3R1
SAMPLE14,chr2,209106561,A,-,exonic,IDH1
SAMPLE14,chr12,56484294,A,C,intronic,ERBB3
SAMPLE14,chr14,23449393,G,A,intergenic,AJUBA
SAMPLE14,chr12,56495944,A,G,exonic,ERBB3
SAMPLE14,chr9,20531757,-,G,intronic,MLL3
SAMPLE14,chr5,112175261,G,T,intronic,APC
SAMPLE14,chrX,48916583,A,-,intronic,CCDC120
SAMPLE14,chr5,67584479,C,T,exonic,PIK3R1
SAMPLE14,chr5,112164678,G,C,exonic,APC
SAMPLE14,chrX,48926537,G,-,splicing,CCDC120
SAMPLE14,chr12,56487399,C,-,exonic,ERBB3
SAMPLE14,chr5,112108754,C,T,intronic,APC
SAMPLE14,chr5,67566261,A,-,intronic,PIK3R1
SAMPLE14,chr5,67558669,G,C,exonic,PIK3R1
SAMPLE14,chr14,23448148,A,G,intronic,AJUBA
SAMPLE14,chr5,112079574,G,C,exonic,APC
SAMPLE14,chr9,20439789,T,G,exonic,MLL3
SAMPLE14,chr5,112108881,G,A,intronic,APC
SAMPLE14,chr14,23448806,A,G,exonic,AJUBA
SAMPLE15,chr5,56149204,-,T,intronic,MAP3K1
SAMPLE15,chr2,25556055,G,-,exonic,DNMT3A
SAMPLE15,chr6,159239062,C,-,exonic,EZR
SAMPLE15,chr2,25516155,G,-,intronic,DNMT3A
SAMPLE15,chr6,159227445,A,T,intronic,EZR
SAMPLE15,chr7,140483954,A,T,intronic,BRAF
SAMPLE15,chr2,25546943,-,T,intronic,DNMT3A
SAMPLE15,chr5,56191585,G,T,intronic,MAP3K1
SAMPLE15,chr1,226865806,A,T,splicing,ITPKB
SAMPLE15,chr5,56170006,-,T,upstream,MAP3K1
SAMPLE15,chr13,28666211,C,G,UTR5,FLT3
SAMPLE15,chr5,56173024,G,C,intronic,MAP3K1
SAMPLE15,chr1,226843776,A,C,intronic,ITPKB
SAMPLE15,chr7,140552949,G,C,intergenic,BRAF
SAMPLE15,chr6,159188450,C,G,exonic,EZR
SAMPLE15,chr6,159203838,C,-,intronic,EZR
SAMPLE15,chr6,159227293,C,G,exonic,EZR
SAMPLE15,chr6,159238679,T,C,UTR5,EZR
SAMPLE15,chr2,25521265,C,T,ncRNA_intronic,DNMT3A
SAMPLE15,chr2,25532495,T,C,intronic,DNMT3A
SAMPLE15,chr1,226896383,-,G,exonic,ITPKB
SAMPLE15,chr1,226863269,T,A,intronic,ITPKB
SAMPLE15,chr1,226897254,-,A,exonic,ITPKB
SAMPLE15,chr6,159237254,-,T,upstream,EZR
SAMPLE15,chr5,56123655,T,-,intronic,MAP3K1
SAMPLE15,chr7,140507648,A,-,exonic,BRAF
SAMPLE15,chr13,28657965,G,T,intronic,FLT3
SAMPLE15,chr6,159204804,T,-,exonic,EZR
SAMPLE15,chr5,56134225,A,C,exonic,MAP3K1
SAMPLE15,chr5,56130860,A,C,UTR3,MAP3K1
SAMPLE15,chr1,226836660,G,A,intronic,ITPKB
SAMPLE15,chr6,159212615,T,-,intronic,EZR
SAMPLE15,chr2,25551113,G,T,exonic,DNMT3A
SAMPLE15,chr13,28615878,-,G,intronic,FLT3
SAMPLE15,chr6,159196448,T,C,exonic,EZR
SAMPLE15,chr1,226829727,G,-,exonic,ITPKB
SAMPLE15,chr7,140520338,T,C,exonic,BRAF
SAMPLE15,chr2,25479639,C,-,exonic,DNMT3A
SAMPLE15,chr1,226910131,G,-,intronic,ITPKB
SAMPLE15,chr5,56166463,A,-,intronic,MAP3K1
SAMPLE15,chr5,56154253,A,C,splicing,MAP3K1
SAMPLE15,chr1,226854224,-,A,exonic,ITPKB
SAMPLE15,chr1,226911066,-,T,intronic,ITPKB
SAMPLE15,chr13,28611967,C,-,ncRNA_intronic,FLT3
SAMPLE15,chr13,28590278,-,A,intronic,FLT3
SAMPLE15,chr13,28652855,G,C,intronic,FLT3
SAMPLE15,chr1,226857978,C,A,UTR3,ITPKB
SAMPLE16,chr2,209115926,G,T,intronic,IDH1
SAMPLE16,chr19,34906601,G,C,intronic,PDCD2L
SAMPLE16,chr12,25372214,T,-,exonic,KRAS
SAMPLE16,chr19,34909455,A,-,downstream,PDCD2L
SAMPLE16,chr2,178102947,C,-,intronic,NFE2L2
SAMPLE16,chr9,21980791,-,T,intronic,CDKN2A
SAMPLE16,chr11,69465123,T,A,intronic,CCND1
SAMPLE16,chr10,89707955,C,A,intronic,PTEN
SAMPLE16,chr19,10611878,T,G,exonic,KEAP1
SAMPLE16,chr2,25506078,A,-,splicing,DNMT3A
SAMPLE16,chr13,28671761,T,-,intronic,FLT3
SAMPLE16,chr12,56492951,G,T,splicing,ERBB3
SAMPLE16,chr5,170827076,T,-,exonic,NPM1
SAMPLE16,chr9,135788842,C,-,intronic,TSC1
SAMPLE16,chr9,20433224,G,A,intronic,MLL2
SAMPLE16,chr11,69462193,G,-,intronic,CCND1
SAMPLE16,chr2,25494510,-,C,UTR5,DNMT3A
SAMPLE16,chr19,10604508,T,-,exonic,KEAP1
SAMPLE16,chr9,20436590,T,G,intronic,MLL2
SAMPLE16,chr9,20535101,G,C,UTR5,MLL3
SAMPLE16,chr16,68840619,C,A,exonic,CDH1
SAMPLE16,chr2,209109158,C,A,downstream,IDH1
SAMPLE16,chr11,69458597,C,T,downstream,CCND1
SAMPLE16,chr16,68817114,A,T,intronic,CDH1
SAMPLE16,chr9,135798058,G,T,exonic,TSC1
SAMPLE16,chr12,56483962,-,G,exonic,ERBB3
SAMPLE16,chr16,68785467,C,A,exonic,CDH1
SAMPLE16,chr12,25403796,T,G,intronic,KRAS
SAMPLE16,chr12,25374362,-,G,exonic,KRAS
SAMPLE16,chr19,10605075,G,-,exonic,KEAP1
SAMPLE16,chr16,68783332,G,C,exonic,CDH1
SAMPLE16,chr12,56493333,C,A,ncRNA_exonic,ERBB3
SAMPLE16,chr9,135816654,T,G,exonic,TSC1
SAMPLE16,chr12,56492503,A,G,intronic,ERBB3
SAMPLE16,chr12,56488545,G,A,intronic,ERBB3
SAMPLE16,chr16,68867978,T,-,intronic,CDH1
SAMPLE16,chr12,56485250,G,C,intronic,ERBB3
SAMPLE16,chr2,209114818,C,T,exonic,IDH1
SAMPLE17,chr9,21988240,T,-,downstream,CDKN2A
SAMPLE17,chr10,8108710,-,T,UTR3,GATA3
SAMPLE17,chrX,44745222,-,G,intronic,KDM6A
SAMPLE17,chr3,47075998,T,C,intronic,SETD2
SAMPLE17,chr19,45868723,-,C,exonic,ERCC2
SAMPLE17,chr17,47680920,C,T,intronic,SPOP
SAMPLE17,chr19,45860324,-,C,splicing,ERCC2
SAMPLE17,chrX,44758158,G,T,UTR5,KDM6A
SAMPLE17,chr2,202148098,C,G,intronic,CASP8
SAMPLE17,chr15,90641711,A,-,intronic,IDH2
SAMPLE17,chr10,8101678,A,G,exonic,GATA3
SAMPLE17,chr3,47074610,C,A,exonic,SETD2
SAMPLE17,chrX,44887431,C,-,exonic,KDM6A
SAMPLE17,chr19,45864565,A,C,intronic,ERCC2
SAMPLE17,chr15,90637028,A,G,exonic,IDH2
SAMPLE17,chr3,178867893,A,T,exonic,PIK3CA
SAMPLE17,chr6,134619972,G,C,intronic,SGK1
SAMPLE17,chr1,150927108,G,T,intronic,SETDB1
SAMPLE17,chrX,44906948,T,C,intronic,KDM6A
SAMPLE17,chr2,202138396,G,C,exonic,CASP8
SAMPLE17,chr9,21977485,C,-,exonic,CDKN2A
SAMPLE17,chr2,202147931,G,C,exonic,CASP8
SAMPLE17,chr17,29623256,-,G,exonic,NF1
SAMPLE18,chr5,170831596,G,C,intronic,NPM1
SAMPLE18,chr5,170835614,-,G,intronic,NPM1
SAMPLE18,chr14,21886832,T,C,downstream,CHD8
SAMPLE18,chr2,198260785,G,C,UTR3,SF3B1
SAMPLE18,chr10,8100799,A,T,intronic,GATA3
SAMPLE18,chr5,170819298,A,C,exonic,NPM1
SAMPLE18,chr16,68774688,T,G,intronic,CDH1
SAMPLE18,chr5,56145700,-,T,exonic,MAP3K1
SAMPLE18,chr1,201983026,G,A,intronic,ELF3
SAMPLE18,chr14,21891702,-,G,exonic,CHD8
SAMPLE18,chr5,56112391,T,-,exonic,MAP3K1
SAMPLE18,chr2,25532798,G,C,intronic,DNMT3A
SAMPLE18,chr1,201983796,-,C,ncRNA_splicing,ELF3
SAMPLE18,chr1,201982416,-,A,intronic,ELF3
SAMPLE18,chr14,21885862,-,C,exonic,CHD8
SAMPLE18,chr10,8112014,T,-,exonic,GATA3
SAMPLE18,chr16,68855075,A,C,intronic,CDH1
SAMPLE18,chr16,68855201,-,T,upstream,CDH1
SAMPLE18,chr14,21893779,-,A,exonic,CHD8
SAMPLE18,chr2,198261406,C,T,intronic,SF3B1
SAMPLE18,chr5,170832351,-,C,exonic,NPM1
SAMPLE18,chr2,25462618,-,G,exonic,DNMT3A
SAMPLE18,chr2,25559983,-,G,exonic,DNMT3A
SAMPLE18,chr3,47110280,A,T,intronic,SETD2
SAMPLE18,chr5,56172162,A,G,intronic,MAP3K1
SAMPLE18,chr3,47173103,A,T,downstream,SETD2
SAMPLE18,chr2,198276050,-,C,UTR3,SF3B1
SAMPLE18,chr5,170831934,C,-,intronic,NPM1
SAMPLE18,chr14,21886206,-,A,intronic,CHD8
SAMPLE18,chr2,25491125,T,C,exonic,DNMT3A
SAMPLE18,chr10,89653358,-,G,ncRNA_intronic,PTEN
SAMPLE18,chr14,21871208,G,C,exonic,CHD8
SAMPLE18,chr5,112106910,C,-,exonic,APC
SAMPLE18,chr5,170832669,-,T,UTR5,NPM1
SAMPLE18,chr3,47095268,A,C,exonic,SETD2
SAMPLE18,chr2,25461866,C,-,intronic,DNMT3A
SAMPLE18,chr2,198295839,T,G,splicing,SF3B1
SAMPLE18,chr14,21857372,C,G,ncRNA_intronic,CHD8
SAMPLE18,chr5,112110458,G,-,exonic,APC
SAMPLE18,chr2,25546925,T,G,intronic,DNMT3A
SAMPLE18,chr2,25532405,-,G,intronic,DNMT3A
SAMPLE18,chr10,89675125,T,C,exonic,PTEN
SAMPLE18,chr5,56177688,A,C,intronic,MAP3K1
SAMPLE18,chr16,68821931,T,C,intronic,CDH1
SAMPLE19,chr19,11158524,A,G,intronic,SMARCA4
SAMPLE19,chr10,89639518,G,C,intronic,PTEN
SAMPLE19,chr21,36388715,G,-,intronic,RUNX1
SAMPLE19,chr10,89634460,G,-,intronic,PTEN
SAMPLE19,chr19,11128979,G,-,intronic,SMARCA4
SAMPLE19,chr5,112121293,-,G,exonic,APC
SAMPLE19,chr7,140577189,C,T,intronic,BRAF
SAMPLE19,chr19,1222540,C,-,intronic,STK11
SAMPLE19,chr12,102172315,T,C,intronic,GNPTAB
SAMPLE19,chr10,8108960,-,G,intronic,GATA3
SAMPLE19,chr7,140507042,-,G,exonic,BRAF
SAMPLE19,chr19,11114148,G,T,intronic,SMARCA4
SAMPLE19,chr19,1223057,A,-,exonic,STK11
SAMPLE19,chr2,202127350,C,-,intronic,CASP8
SAMPLE19,chr21,36313043,C,G,exonic,RUNX1
SAMPLE19,chr2,202132062,A,T,intronic,CASP8
SAMPLE19,chr5,112158058,A,T,intronic,APC
SAMPLE19,chr21,36173546,T,A,exonic,RUNX1
SAMPLE19,chr10,89683627,G,A,exonic,PTEN
SAMPLE19,chr12,102165307,-,C,intronic,GNPTAB
SAMPLE19,chr5,112154603,T,C,exonic,APC
SAMPLE19,chr5,112103300,C,G,intronic,APC
SAMPLE19,chr10,8105468,-,A,exonic,GATA3
SAMPLE19,chr10,8101375,G,C,exonic,GATA3
SAMPLE19,chr19,1220208,-,A,UTR5,STK11
SAMPLE19,chr10,8104886,A,T,intronic,GATA3
SAMPLE19,chr10,8102042,-,T,exonic,GATA3
SAMPLE19,chr10,89628589,-,T,intronic,PTEN
SAMPLE19,chr12,102201271,C,T,intergenic,GNPTAB
SAMPLE19,chr2,202147229,C,G,intronic,CASP8
SAMPLE19,chr21,36184608,A,-,intronic,RUNX1
SAMPLE20,chr2,202127276,G,A,intronic,CASP8
SAMPLE20,chr10,61976078,G,A,exonic,ANK3
SAMPLE20,chr19,1220883,-,G,intronic,STK11
SAMPLE20,chr10,61902758,T,-,exonic,ANK3
SAMPLE20,chr18,48570562,A,C,intronic,SMAD4
SAMPLE20,chr10,8101376,-,A,intronic,GATA3
SAMPLE20,chr18,48588092,C,-,intronic,SMAD4
SAMPLE20,chr18,48584167,A,G,intronic,SMAD4
SAMPLE20,chr5,170830893,-,C,exonic,NPM1
SAMPLE20,chr5,56186364,C,T,exonic,MAP3K1
SAMPLE20,chr17,37863972,G,C,UTR5,ERBB2
SAMPLE20,chr17,37869636,G,-,intronic,ERBB2
SAMPLE20,chr12,115114818,C,A,exonic,TBX3
SAMPLE20,chr5,56142759,G,-,intronic,MAP3K1
SAMPLE20,chr16,68797323,-,C,exonic,CDH1
SAMPLE20,chr5,56168022,T,-,intronic,MAP3K1
SAMPLE20,chr16,68848246,A,C,exonic,CDH1
SAMPLE20,chrX,53228106,A,-,exonic,KDM5C
SAMPLE20,chr18,48590288,G,T,intronic,SMAD4
SAMPLE20,chr5,170821187,C,-,exonic,NPM1
SAMPLE20,chr10,61818495,-,G,exonic,ANK3
SAMPLE20,chr19,1218387,A,G,exonic,STK11
SAMPLE20,chrX,53244857,-,T,intronic,KDM5C
SAMPLE20,chr19,1226994,-,T,exonic,STK11
SAMPLE20,chr10,61928232,C,-,intronic,ANK3
SAMPLE20,chr10,61936265,A,C,intronic,ANK3
SAMPLE20,chr19,1223607,C,G,exonic,STK11
SAMPLE20,chr12,115110930,G,T,intronic,TBX3
SAMPLE20,chr12,115120458,C,-,exonic,TBX3
SAMPLE20,chr16,68772672,C,-,intronic,CDH1
SAMPLE20,chr5,170834303,-,T,exonic,NPM1
SAMPLE20,chr5,56181838,C,G,intronic,MAP3K1
SAMPLE20,chr10,8114659,T,C,intergenic,GATA3
SAMPLE20,chr17,37857504,-,T,exonic,ERBB2
SAMPLE20,chr9,21983765,-,A,intronic,CDKN2A
SAMPLE20,chr16,68795206,-,C,exonic,CDH1
SAMPLE20,chr16,68840554,T,G,intronic,CDH1
SAMPLE20,chr10,61946053,-,A,exonic,ANK3
SAMPLE20,chr12,115108601,T,C,UTR3,TBX3
SAMPLE20,chr10,8115579,G,C,exonic,GATA3
SAMPLE20,chr2,202132862,G,C,exonic,CASP8
SAMPLE20,chr9,21989668,C,T,exonic,CDKN2A
SAMPLE20,chr13,28665284,-,C,intronic,FLT3
SAMPLE20,chr13,28590762,G,A,exonic,FLT3
SAMPLE20,chr13,28672320,-,A,exonic,FLT3
SAMPLE20,chr10,8108470,-,T,intronic,GATA3
SAMPLE20,chr12,115116692,T,G,intronic,TBX3
SAMPLE20,chr2,202143548,G,C,intronic,CASP8
SAMPLE21,chr7,140547476,T,G,exonic,BRAF
SAMPLE21,chr5,67563136,A,T,intronic,PIK3R1
SAMPLE21,chr17,12042405,G,A,intronic,MAP2K4
SAMPLE21,chr6,36649647,C,G,intronic,CDKN1A
SAMPLE21,chr1,115251459,-,T,exonic,NRAS
SAMPLE21,chr17,11951374,T,G,intronic,MAP2K4
SAMPLE21,chr3,52709052,C,A,UTR5,PBRM1
SAMPLE21,chr7,99569565,C,T,intronic,AZGP1
SAMPLE21,chr5,67594744,-,G,intronic,PIK3R1
SAMPLE21,chr9,21968461,G,T,intronic,CDKN2A
SAMPLE21,chr7,140512435,C,G,downstream,BRAF
SAMPLE21,chr1,115255166,C,-,intronic,NRAS
SAMPLE21,chr13,28654485,A,T,exonic,FLT3
SAMPLE21,chr7,140624123,A,C,intronic,BRAF
SAMPLE21,chr3,52662018,C,A,exonic,PBRM1
SAMPLE21,chr9,20437581,C,G,intronic,MLL2
SAMPLE21,chr6,36653885,T,G,intronic,CDKN1A
SAMPLE21,chr17,11950842,-,G,upstream,MAP2K4
SAMPLE21,chr5,170833431,-,C,intronic,NPM1
SAMPLE21,chr9,21980669,C,G,UTR3,CDKN2A
SAMPLE21,chr9,21990695,C,G,intronic,CDKN2A
SAMPLE21,chr5,67551289,-,G,intronic,PIK3R1
SAMPLE21,chr7,107407282,-,C,exonic,SLC26A3
SAMPLE21,chr7,99564443,A,-,intergenic,AZGP1
SAMPLE21,chr3,52620239,T,-,UTR3,PBRM1
SAMPLE21,chr16,67651601,C,A,exonic,CTCF
SAMPLE21,chr5,67527990,A,-,intergenic,PIK3R1
SAMPLE21,chr6,36651581,G,T,UTR5,CDKN1A
SAMPLE21,chr7,107431350,-,G,intronic,SLC26A3
SAMPLE21,chr5,170832797,A,T,intronic,NPM1
SAMPLE21,chr16,67665691,-,G,intronic,CTCF
SAMPLE21,chr3,52706192,A,C,exonic,PBRM1
SAMPLE21,chr16,67636296,C,G,exonic,CTCF
SAMPLE21,chr7,107421091,G,-,exonic,SLC26A3
SAMPLE21,chr9,21988977,A,-,exonic,CDKN2A
SAMPLE21,chr1,115257597,-,C,intronic,NRAS
SAMPLE21,chr17,11979378,T,C,intronic,MAP2K4
SAMPLE21,chr6,36653806,T,-,intronic,CDKN1A
SAMPLE21,chr9,20367060,G,C,exonic,MLL2
SAMPLE21,chr5,170820576,-,G,ncRNA_intronic,NPM1
SAMPLE21,chr17,11963776,A,T,intronic,MAP2K4
SAMPLE21,chr16,67626036,G,-,ncRNA_splicing,CTCF
SAMPLE21,chr5,170825677,G,C,intronic,NPM1
SAMPLE22,chr16,67601643,G,C,intronic,CTCF
SAMPLE22,chr19,47491884,-,C,intronic,ARHGAP35
SAMPLE22,chr16,68787602,-,G,ncRNA_splicing,CDH1
SAMPLE22,chr5,112092829,G,T,intronic,APC
SAMPLE22,chr5,112078240,T,C,UTR3,APC
SAMPLE22,chr3,178892739,G,C,intronic,PIK3CA
SAMPLE22,chr8,117864889,G,-,intronic,RAD21
SAMPLE22,chr16,67067099,A,T,exonic,CBFB
SAMPLE22,chr16,67616187,C,G,exonic,CTCF
SAMPLE22,chr16,68816495,T,C,exonic,CDH1
SAMPLE22,chr3,178882027,C,G,intronic,PIK3CA
SAMPLE22,chr4,153450935,C,A,intronic,FBXW7
SAMPLE22,chr13,28588323,-,A,intronic,FLT3
SAMPLE22,chr5,112116805,G,A,exonic,APC
SAMPLE22,chr16,67094175,T,A,exonic,CBFB
SAMPLE22,chr3,178891424,-,T,exonic,PIK3CA
SAMPLE22,chr13,28581102,A,G,intronic,FLT3
SAMPLE22,chr3,178884565,T,-,splicing,PIK3CA
SAMPLE22,chr10,61659060,A,C,exonic,CCDC6
SAMPLE22,chr16,67653725,G,A,intronic,CTCF
SAMPLE22,chr13,28630582,A,T,exonic,FLT3
SAMPLE22,chr8,117862451,A,G,ncRNA_splicing,RAD21
SAMPLE22,chr19,47457932,A,C,exonic,ARHGAP35
SAMPLE22,chr10,61633563,T,G,intergenic,CCDC6
SAMPLE22,chr3,178877033,G,T,exonic,PIK3CA
SAMPLE22,chr5,112171349,C,-,intronic,APC
SAMPLE22,chr5,112084624,-,T,intronic,APC
SAMPLE22,chr19,47429842,C,T,intronic,ARHGAP35
SAMPLE22,chr3,178935208,C,T,exonic,PIK3CA
SAMPLE22,chr10,61645342,G,-,intronic,CCDC6
SAMPLE22,chr10,61635343,C,A,intronic,CCDC6
SAMPLE22,chr16,67666377,A,T,intronic,CTCF
SAMPLE22,chr3,178923992,-,T,intronic,PIK3CA
SAMPLE22,chr13,28641142,C,A,intronic,FLT3
SAMPLE22,chr3,178889692,G,-,intronic,PIK3CA
SAMPLE22,chr13,28608417,-,T,upstream,FLT3
SAMPLE22,chr4,153416569,A,-,intronic,FBXW7
SAMPLE22,chr13,28617139,C,T,intronic,FLT3
SAMPLE22,chr4,153271300,-,C,intronic,FBXW7
SAMPLE22,chr10,61595733,C,T,intronic,CCDC6
SAMPLE22,chr16,67103560,G,A,intronic,CBFB
SAMPLE23,chr1,115254419,-,T,intronic,NRAS
SAMPLE23,chr11,32425836,G,C,exonic,WT1
SAMPLE23,chr7,140468752,A,G,intronic,BRAF
SAMPLE23,chr22,24165224,G,C,intronic,SMARCB1
SAMPLE23,chr22,24147293,-,C,exonic,SMARCB1
SAMPLE23,chr22,24169932,G,-,intronic,SMARCB1
SAMPLE23,chr2,198297847,A,-,intronic,SF3B1
SAMPLE23,chr10,8116352,G,-,exonic,GATA3
SAMPLE23,chr10,8111017,T,G,exonic,GATA3
SAMPLE23,chr2,198273929,A,-,intronic,SF3B1
SAMPLE23,chr1,115256283,C,-,intronic,NRAS
SAMPLE23,chr1,115250415,A,C,exonic,NRAS
SAMPLE23,chr17,11970916,A,C,exonic,MAP2K4
SAMPLE23,chr2,209103967,C,-,exonic,IDH1
SAMPLE23,chr10,8108676,G,T,intronic,GATA3
SAMPLE23,chr11,32453760,G,T,UTR5,WT1
SAMPLE23,chr1,115255003,-,C,ncRNA_splicing,NRAS
SAMPLE23,chr1,115249620,-,C,upstream,NRAS
SAMPLE23,chr2,198294615,C,T,intronic,SF3B1
SAMPLE23,chr10,8111722,-,T,exonic,GATA3
SAMPLE23,chr11,32457022,A,C,exonic,WT1
SAMPLE23,chr17,12009254,G,C,exonic,MAP2K4
SAMPLE23,chr2,209106679,A,C,exonic,IDH1
SAMPLE23,chr2,209114582,T,G,splicing,IDH1
SAMPLE23,chr7,140498269,G,A,intronic,BRAF
SAMPLE23,chr11,535102,-,A,intronic,HRAS
SAMPLE23,chr10,8112778,C,A,intronic,GATA3
SAMPLE23,chr2,198294751,G,-,intronic,SF3B1
SAMPLE23,chr2,209118212,A,-,exonic,IDH1
SAMPLE23,chr17,11984444,T,-,upstream,MAP2K4
SAMPLE23,chr1,115252443,G,A,intronic,NRAS
SAMPLE23,chr7,140605209,-,G,UTR3,BRAF
SAMPLE23,chr22,24176276,T,G,ncRNA_intronic,SMARCB1
SAMPLE23,chr11,32419390,-,C,exonic,WT1
SAMPLE23,chr10,8108540,T,-,intronic,GATA3
SAMPLE23,chr11,532905,G,T,upstream,HRAS
SAMPLE24,chr3,178891834,T,G,exonic,PIK3CA
SAMPLE24,chr3,47186780,C,T,intronic,SETD2
SAMPLE24,chr5,112126265,A,G,exonic,APC
SAMPLE24,chr4,153260345,T,C,intronic,FBXW7
SAMPLE24,chr12,25360325,A,G,intronic,KRAS
SAMPLE24,chr4,153253311,-,T,ncRNA_intronic,FBXW7
SAMPLE24,chr3,47073056,G,-,exonic,SETD2
SAMPLE24,chr5,112144220,A,G,intronic,APC
SAMPLE24,chr4,153307991,C,A,intronic,FBXW7
SAMPLE24,chr9,21969473,C,G,intronic,CDKN2A
SAMPLE24,chr4,153420488,C,G,intronic,FBXW7
SAMPLE24,chr9,21969282,T,A,UTR3,CDKN2A
SAMPLE24,chr5,67555799,C,G,UTR3,PIK3R1
SAMPLE24,chr3,178951755,C,G,intronic,PIK3CA
SAMPLE24,chr3,178908835,T,C,exonic,PIK3CA
SAMPLE24,chr7,140509233,-,G,exonic,BRAF
SAMPLE24,chr5,112131917,G,A,intronic,APC
SAMPLE24,chr16,68863417,-,C,exonic,CDH1
SAMPLE24,chr16,68860037,C,G,intronic,CDH1
SAMPLE24,chr13,49042194,T,A,intronic,RB1
SAMPLE24,chr7,140435703,C,-,exonic,BRAF
SAMPLE24,chr4,153451147,G,A,intronic,FBXW7
SAMPLE24,chr5,112154693,G,A,intronic,APC
SAMPLE24,chr9,21993345,-,A,intronic,CDKN2A
SAMPLE24,chr3,178933985,C,-,intronic,PIK3CA
SAMPLE24,chr9,21976663,T,-,intronic,CDKN2A
SAMPLE24,chr4,153363427,C,G,ncRNA_intronic,FBXW7
SAMPLE24,chr7,140441287,G,A,intronic,BRAF
SAMPLE24,chr16,68834223,G,-,intronic,CDH1
SAMPLE24,chr7,140586341,-,G,exonic,BRAF
SAMPLE24,chr7,140560731,C,A,intronic,BRAF
SAMPLE24,chr5,67568583,T,G,intronic,PIK3R1
SAMPLE24,chr5,67593201,G,A,intronic,PIK3R1
SAMPLE24,chr4,153314511,G,-,intronic,FBXW7
SAMPLE24,chr16,68798581,C,A,exonic,CDH1
SAMPLE24,chr13,49039564,A,G,intronic,RB1
SAMPLE24,chr5,112172026,T,A,exonic,APC
SAMPLE24,chr4,153409694,C,-,intronic,FBXW7
SAMPLE24,chr13,49009680,A,-,exonic,RB1
SAMPLE24,chr9,21977006,C,T,ncRNA_exonic,CDKN2A
SAMPLE24,chr12,25382112,C,T,intronic,KRAS
SAMPLE24,chr5,67544356,T,-,intronic,PIK3R1
SAMPLE25,chr12,57037155,-,C,intronic,ATP5B
SAMPLE25,chr13,28593738,C,G,intronic,FLT3
SAMPLE25,chr3,52644838,C,T,exonic,PBRM1
SAMPLE25,chr3,52630156,C,A,downstream,PBRM1
SAMPLE25,chr9,21992531,G,A,intronic,CDKN2A
SAMPLE25,chr3,52631199,T,-,ncRNA_intronic,PBRM1
SAMPLE25,chr13,28585593,C,G,intronic,FLT3
SAMPLE25,chr5,112130166,C,A,intronic,APC
SAMPLE25,chr12,57034204,A,G,exonic,ATP5B
SAMPLE25,chr12,57039663,-,A,intronic,ATP5B
SAMPLE25,chr9,21982547,T,A,intronic,CDKN2A
SAMPLE25,chr3,52707349,C,A,ncRNA_splicing,PBRM1
SAMPLE25,chr22,24148842,A,C,exonic,SMARCB1
SAMPLE25,chr3,52579415,G,A,ncRNA_intronic,PBRM1
SAMPLE25,chr13,73331957,T,G,intronic,DIS3
SAMPLE25,chr5,112097205,-,T,intronic,APC
SAMPLE25,chr3,52652110,C,-,intronic,PBRM1
SAMPLE25,chr4,153307324,C,A,exonic,FBXW7
SAMPLE25,chr13,73349653,-,G,exonic,DIS3
SAMPLE25,chr3,52592119,C,G,intronic,PBRM1
SAMPLE25,chr5,112146243,T,C,exonic,APC
SAMPLE25,chr13,28624018,C,T,intronic,FLT3
SAMPLE25,chr3,52693059,-,A,intronic,PBRM1
SAMPLE25,chr4,153264982,-,G,exonic,FBXW7
SAMPLE25,chr13,23937864,A,T,splicing,SACS
SAMPLE25,chr9,21992541,G,-,UTR5,CDKN2A
SAMPLE25,chr13,73332322,G,T,intronic,DIS3
SAMPLE25,chr13,28649006,-,T,exonic,FLT3
SAMPLE25,chr9,21972035,-,C,intronic,CDKN2A
SAMPLE25,chr13,28597496,-,A,intronic,FLT3
SAMPLE25,chr13,73349119,C,G,intronic,DIS3
SAMPLE25,chr5,67550589,-,T,UTR5,PIK3R1
SAMPLE25,chr12,57038708,C,T,exonic,ATP5B
SAMPLE25,chr9,21979293,G,A,exonic,CDKN2A
SAMPLE25,chr12,57033459,G,-,upstream,ATP5B
SAMPLE25,chr22,24165086,A,-,intronic,SMARCB1
SAMPLE25,chr5,112137073,T,G,exonic,APC
SAMPLE26,chr9,21994268,A,C,intronic,CDKN2A
SAMPLE26,chr9,20458861,C,A,intronic,MLL3
SAMPLE26,chr21,36213071,T,A,exonic,RUNX1
SAMPLE26,chr14,38062853,-,G,intronic,FOXA1
SAMPLE26,chr3,178902150,-,A,exonic,PIK3CA
SAMPLE26,chr21,36226112,G,T,exonic,RUNX1
SAMPLE26,chr12,53596543,C,T,intronic,ITGB7
SAMPLE26,chr4,153395414,-,T,intronic,FBXW7
SAMPLE26,chr9,21983574,G,-,intronic,CDKN2A
SAMPLE26,chr12,53587559,T,G,intronic,ITGB7
SAMPLE26,chr2,25460754,T,G,exonic,DNMT3A
SAMPLE26,chr12,53596270,T,G,intronic,ITGB7
SAMPLE26,chr19,47496207,G,C,intronic,ARHGAP35
SAMPLE26,chr5,112131388,-,C,exonic,APC
SAMPLE26,chr14,38059247,-,A,intronic,FOXA1
SAMPLE26,chr19,47462551,T,A,exonic,ARHGAP35
SAMPLE26,chr9,21976562,T,G,splicing,CDKN2A
SAMPLE26,chr3,178889736,T,-,UTR3,PIK3CA
SAMPLE26,chr5,112177561,G,C,intronic,APC
SAMPLE26,chr9,21984000,A,G,exonic,CDKN2A
SAMPLE26,chr14,21872764,C,-,intronic,CHD8
SAMPLE26,chr11,32412163,G,C,exonic,WT1
SAMPLE26,chr3,178914500,A,G,intronic,PIK3CA
SAMPLE27,chr17,62006647,-,A,exonic,CD79B
SAMPLE27,chr3,176881685,T,C,ncRNA_intronic,TBL1XR1
SAMPLE27,chr6,26157215,C,A,intronic,HIST1H1E
SAMPLE27,chr6,26157243,-,T,intronic,HIST1H1E
SAMPLE27,chr12,25388362,C,T,intronic,KRAS
SAMPLE27,chr18,12693456,T,A,intronic,CEP76
SAMPLE27,chr6,26156573,C,A,intronic,HIST1H1E
SAMPLE27,chr17,62007460,T,G,intronic,CD79B
SAMPLE27,chr12,25379217,G,-,exonic,KRAS
SAMPLE27,chr2,70315223,G,C,intronic,PCBP1
SAMPLE27,chr12,25371373,C,-,splicing,KRAS
SAMPLE27,chr11,12360505,A,G,intergenic,MICALCL
SAMPLE27,chr1,27076808,G,C,intronic,ARID1A
SAMPLE27,chr2,70315007,A,C,intronic,PCBP1
SAMPLE27,chr1,27045180,T,A,intronic,ARID1A
SAMPLE27,chr1,115248137,A,C,intronic,NRAS
SAMPLE27,chr6,26157033,A,T,intronic,HIST1H1E
SAMPLE27,chr3,38182335,A,G,exonic,MYD88
SAMPLE27,chr1,27103909,G,T,exonic,ARID1A
SAMPLE27,chr3,176768677,G,-,intronic,TBL1XR1
SAMPLE27,chr12,25368886,C,A,exonic,KRAS
SAMPLE27,chr3,38182389,T,A,intronic,MYD88
SAMPLE27,chr2,28245493,A,-,intronic,BRE
SAMPLE27,chr7,107426490,T,C,downstream,SLC26A3
SAMPLE27,chr17,62007510,G,T,exonic,CD79B
SAMPLE27,chr11,12309655,A,T,ncRNA_splicing,MICALCL
SAMPLE27,chr3,176834207,C,A,intronic,TBL1XR1
SAMPLE27,chr11,12361504,G,-,exonic,MICALCL
SAMPLE27,chr2,28419803,A,T,intronic,BRE
SAMPLE27,chr2,70315437,-,T,exonic,PCBP1
SAMPLE27,chr18,12691913,C,G,exonic,CEP76
SAMPLE27,chr12,25382522,T,A,intronic,KRAS
SAMPLE27,chr2,28348754,T,C,intronic,BRE
SAMPLE27,chr5,112078749,C,T,intronic,APC
SAMPLE27,chr12,25383909,C,-,intronic,KRAS
SAMPLE27,chr3,176810687,A,T,intergenic,TBL1XR1
SAMPLE27,chr17,62008684,A,T,intronic,CD79B
SAMPLE28,chr1,209974905,C,A,intronic,IRF6
SAMPLE28,chr18,48602863,G,C,UTR3,SMAD4
SAMPLE28,chr18,48589287,A,-,upstream,SMAD4
SAMPLE28,chr1,209962759,G,-,intronic,IRF6
SAMPLE28,chr18,48561105,G,C,intronic,SMAD4
SAMPLE28,chr14,105254790,T,A,ncRNA_intronic,AKT1
SAMPLE28,chr1,209972344,T,G,intronic,IRF6
SAMPLE28,chr1,209962627,-,G,intronic,IRF6
SAMPLE28,chr1,209963128,A,C,intronic,IRF6
SAMPLE28,chr18,48585430,G,T,ncRNA_exonic,SMAD4
SAMPLE28,chr1,209974265,-,T,exonic,IRF6
SAMPLE28,chr18,48590216,G,-,UTR5,SMAD4
SAMPLE28,chr14,105249031,G,C,exonic,AKT1
SAMPLE28,chr2,25469969,C,-,splicing,DNMT3A
SAMPLE28,chr2,25564493,C,A,ncRNA_exonic,DNMT3A
SAMPLE28,chr18,48597435,A,T,upstream,SMAD4
SAMPLE28,chr2,25516967,G,C,ncRNA_exonic,DNMT3A
SAMPLE28,chr1,209978462,-,G,exonic,IRF6
SAMPLE28,chr14,105256226,G,-,intronic,AKT1
SAMPLE28,chr14,105243303,-,T,exonic,AKT1
SAMPLE28,chr2,25466610,C,-,UTR5,DNMT3A
SAMPLE28,chr18,48583481,G,C,intronic,SMAD4
SAMPLE28,chr2,25524321,-,C,exonic,DNMT3A
SAMPLE28,chr2,25503920,C,T,intronic,DNMT3A
SAMPLE28,chr14,105243812,G,A,intronic,AKT1
SAMPLE28,chr14,105251013,-,T,ncRNA_exonic,AKT1
SAMPLE28,chr14,105254273,G,-,exonic,AKT1
SAMPLE28,chr2,25536735,G,-,intronic,DNMT3A
SAMPLE28,chr1,209977011,C,A,intronic,IRF6
SAMPLE28,chr2,25491331,-,T,ncRNA_exonic,DNMT3A
SAMPLE28,chr2,25554510,T,A,intronic,DNMT3A
SAMPLE28,chr1,209972344,-,G,ncRNA_intronic,IRF6
SAMPLE28,chr14,105238551,T,-,intronic,AKT1
SAMPLE28,chr14,105243015,T,C,downstream,AKT1
SAMPLE28,chr2,25466953,-,A,intronic,DNMT3A
SAMPLE28,chr2,25533308,A,-,intronic,DNMT3A
SAMPLE28,chr1,209966558,T,G,intronic,IRF6
SAMPLE28,chr18,48562158,-,T,intronic,SMAD4
SAMPLE28,chr14,105250797,-,C,downstream,AKT1
SAMPLE28,chr14,105240627,G,C,splicing,AKT1
SAMPLE29,chr11,532363,C,T,exonic,HRAS
SAMPLE29,chr10,8113958,C,-,exonic,GATA3
SAMPLE29,chr11,532684,G,T,intronic,HRAS
SAMPLE29,chr11,533245,G,T,exonic,HRAS
SAMPLE29,chr5,112143326,G,-,intronic,APC
SAMPLE29,chr7,55180222,T,G,exonic,EGFR
SAMPLE29,chr5,56184870,C,G,intronic,MAP3K1
SAMPLE29,chr7,140521088,T,-,intronic,BRAF
SAMPLE29,chr17,7575770,A,C,exonic,TP53
SAMPLE29,chr5,56154772,G,C,intronic,MAP3K1
SAMPLE29,chr12,6696804,G,-,intronic,CHD4
SAMPLE29,chr10,8108905,-,C,intronic,GATA3
SAMPLE29,chr11,534149,G,A,intronic,HRAS
SAMPLE29,chr5,112102090,G,A,intronic,APC
SAMPLE29,chr7,55181705,G,-,ncRNA_exonic,EGFR
SAMPLE29,chr5,112163905,C,A,UTR5,APC
SAMPLE29,chr5,112089051,C,T,exonic,APC
SAMPLE29,chr7,140588964,-,C,exonic,BRAF
SAMPLE29,chr11,532346,-,T,intronic,HRAS
SAMPLE29,chr11,534884,A,-,exonic,HRAS
SAMPLE29,chr10,8102182,-,A,downstream,GATA3
SAMPLE29,chr17,7582254,G,T,intronic,TP53
SAMPLE29,chr17,7578697,A,T,intronic,TP53
SAMPLE29,chr17,7580084,G,C,exonic,TP53
SAMPLE30,chr17,7584767,T,G,exonic,TP53
SAMPLE30,chr9,139401902,A,C,intronic,NOTCH1
SAMPLE30,chr2,28357086,-,C,intronic,BRE
SAMPLE30,chr5,176572535,A,T,intronic,NSD1
SAMPLE30,chr3,47137524,G,C,exonic,SETD2
SAMPLE30,chr4,55550105,A,C,exonic,KIT
SAMPLE30,chr9,139430709,A,T,exonic,NOTCH1
SAMPLE30,chr2,25517678,T,G,intronic,DNMT3A
SAMPLE30,chr16,67091592,G,C,intronic,CBFB
SAMPLE30,chr17,7588936,C,G,intronic,TP53
SAMPLE30,chr5,170830098,G,C,intronic,NPM1
SAMPLE30,chr17,7586382,C,A,intronic,TP53
SAMPLE30,chr17,7575879,-,T,intronic,TP53
SAMPLE30,chr3,38183112,T,-,exonic,MYD88
SAMPLE30,chr2,202135069,C,-,exonic,CASP8
SAMPLE30,chr9,139415667,A,G,UTR3,NOTCH1
SAMPLE30,chr2,28399352,C,-,intronic,BRE
SAMPLE30,chr3,38182554,C,-,intronic,MYD88
SAMPLE30,chr3,38181622,T,G,exonic,MYD88
SAMPLE30,chr3,38182130,C,G,intronic,MYD88
SAMPLE30,chr5,170821179,G,A,exonic,NPM1
SAMPLE31,chr4,153292302,T,A,intronic,FBXW7
SAMPLE31,chr7,140467615,G,-,exonic,BRAF
SAMPLE31,chr18,48556886,-,A,ncRNA_exonic,SMAD4
SAMPLE31,chr19,10613867,T,C,intergenic,KEAP1
SAMPLE31,chr4,153455056,C,A,intronic,FBXW7
SAMPLE31,chr21,44520880,T,A,exonic,U2AF1
SAMPLE31,chr21,44516231,-,T,intronic,U2AF1
SAMPLE31,chr7,140566446,C,-,exonic,BRAF
SAMPLE31,chr19,10607838,G,-,intronic,KEAP1
SAMPLE31,chr19,10611558,G,A,intronic,KEAP1
SAMPLE31,chr4,153356666,G,T,exonic,FBXW7
SAMPLE31,chr21,44524410,G,T,ncRNA_splicing,U2AF1
SAMPLE31,chr5,170827704,T,-,intronic,NPM1
SAMPLE31,chr1,27046725,T,G,exonic,ARID1A
SAMPLE31,chr19,10609428,G,A,exonic,KEAP1
SAMPLE31,chr21,44516845,G,T,exonic,U2AF1
SAMPLE31,chr1,27044306,-,A,downstream,ARID1A
SAMPLE31,chr5,170829760,G,T,intronic,NPM1
SAMPLE31,chr4,153455337,A,G,intronic,FBXW7
SAMPLE31,chr19,10612483,C,T,intronic,KEAP1
SAMPLE31,chr4,153288906,T,-,exonic,FBXW7
SAMPLE31,chr4,153416532,-,C,intronic,FBXW7
SAMPLE31,chr1,115252641,-,G,intergenic,NRAS
SAMPLE32,chr13,28600228,-,G,intronic,FLT3
SAMPLE32,chr17,47680026,C,G,exonic,SPOP
SAMPLE32,chr16,68864825,G,A,intronic,CDH1
SAMPLE32,chr7,140620228,G,-,exonic,BRAF
SAMPLE32,chr2,25544916,T,G,intronic,DNMT3A
SAMPLE32,chr1,115259147,G,-,exonic,NRAS
SAMPLE32,chr1,115252238,-,A,exonic,NRAS
SAMPLE32,chr9,21982340,G,C,intronic,CDKN2A
SAMPLE32,chr8,74884510,T,-,intronic,TCEB1
SAMPLE32,chr7,140457314,C,T,exonic,BRAF
SAMPLE32,chr1,115249561,-,T,ncRNA_intronic,NRAS
SAMPLE32,chr5,176617732,C,A,exonic,NSD1
SAMPLE32,chr3,38183306,G,T,intronic,MYD88
SAMPLE32,chr8,74883243,-,G,exonic,TCEB1
SAMPLE32,chr1,115249369,A,T,exonic,NRAS
SAMPLE32,chr1,115255545,G,-,intronic,NRAS
SAMPLE32,chr7,140611574,C,G,exonic,BRAF
SAMPLE32,chr9,21969174,C,A,intronic,CDKN2A
SAMPLE32,chr7,140584978,G,T,exonic,BRAF
SAMPLE32,chr2,25509710,A,-,intronic,DNMT3A
SAMPLE32,chr9,21982862,C,A,UTR5,CDKN2A
SAMPLE32,chr2,25534717,C,A,UTR5,DNMT3A
SAMPLE32,chr17,47682347,A,T,intronic,SPOP
SAMPLE32,chr2,25491687,G,T,intronic,DNMT3A
SAMPLE32,chr7,140511577,A,T,intronic,BRAF
SAMPLE32,chr7,140441031,C,A,intronic,BRAF
SAMPLE32,chr17,47730923,G,-,intronic,SPOP
SAMPLE32,chr16,68800512,-,G,exonic,CDH1
SAMPLE32,chr8,74879973,A,G,ncRNA_intronic,TCEB1
SAMPLE32,chr5,176660860,T,G,upstream,NSD1
SAMPLE32,chr7,140457224,T,G,ncRNA_exonic,BRAF
SAMPLE32,chr1,115250757,G,A,splicing,NRAS
SAMPLE32,chr9,21968475,-,A,intronic,CDKN2A
SAMPLE32,chr9,21969335,C,G,intronic,CDKN2A
SAMPLE32,chr17,47700358,C,A,intergenic,SPOP
SAMPLE32,chr16,68839711,G,C,intronic,CDH1
SAMPLE32,chr5,112124542,C,T,intronic,APC
SAMPLE32,chr5,112102731,T,A,exonic,APC
SAMPLE32,chr9,21971263,A,T,intronic,CDKN2A
SAMPLE32,chr2,25502661,G,A,intronic,DNMT3A
SAMPLE32,chr13,28665101,C,T,intronic,FLT3
SAMPLE33,chr12,25365525,T,G,intronic,KRAS
SAMPLE33,chr12,25376972,-,A,intronic,KRAS
SAMPLE33,chr10,101190206,G,T,ncRNA_exonic,GOT1
SAMPLE33,chr12,25396577,T,C,exonic,KRAS
SAMPLE33,chr3,47163897,T,A,UTR3,SETD2
SAMPLE33,chr9,21986434,A,-,exonic,CDKN2A
SAMPLE33,chr15,42024393,-,T,exonic,MGA
SAMPLE33,chr15,42025929,G,T,intronic,MGA
SAMPLE33,chr3,47203668,-,G,intronic,SETD2
SAMPLE33,chr9,21967928,T,A,intronic,CDKN2A
SAMPLE33,chr15,42041400,C,A,intronic,MGA
SAMPLE33,chr9,21993267,G,C,intronic,CDKN2A
SAMPLE33,chr3,47127344,G,C,intronic,SETD2
SAMPLE33,chr3,47174466,T,-,exonic,SETD2
SAMPLE33,chr17,29533732,-,T,intronic,NF1
SAMPLE33,chr3,47153812,-,G,exonic,SETD2
SAMPLE33,chr12,25387324,C,T,downstream,KRAS
SAMPLE33,chr17,29701440,-,G,exonic,NF1
SAMPLE33,chr9,21971873,C,-,intronic,CDKN2A
SAMPLE33,chr12,25398047,T,-,intronic,KRAS
SAMPLE33,chr12,25360315,C,G,intronic,KRAS
SAMPLE33,chr12,25398981,T,G,intronic,KRAS
SAMPLE33,chr15,41975359,A,-,exonic,MGA
SAMPLE33,chr10,101164148,G,A,exonic,GOT1
SAMPLE33,chr10,101190107,G,A,ncRNA_splicing,GOT1
SAMPLE33,chr9,21988177,-,G,intronic,CDKN2A
SAMPLE33,chr15,41986460,G,T,exonic,MGA
SAMPLE33,chr10,101168073,A,T,intronic,GOT1
SAMPLE33,chr15,42051892,-,T,intronic,MGA
SAMPLE33,chr12,25394786,C,-,intronic,KRAS
SAMPLE33,chr10,101168226,A,-,exonic,GOT1
SAMPLE33,chr15,42014877,-,A,intronic,MGA
SAMPLE33,chr10,101180468,A,T,intronic,GOT1
SAMPLE33,chr10,101168541,-,G,intronic,GOT1
SAMPLE33,chr15,42035879,-,A,intronic,MGA
SAMPLE33,chr12,25362189,-,A,UTR3,KRAS
SAMPLE33,chr15,42042551,-,G,exonic,MGA
SAMPLE33,chr9,21987064,T,C,ncRNA_splicing,CDKN2A
SAMPLE34,chr9,21976828,G,-,intronic,CDKN2A
SAMPLE34,chr6,135527228,T,A,ncRNA_exonic,MYB
SAMPLE34,chr2,209104830,T,G,intronic,IDH1
SAMPLE34,chr2,209115038,G,A,intronic,IDH1
SAMPLE34,chr17,12025098,-,A,intronic,MAP2K4
SAMPLE34,chr3,52438541,-,A,intronic,BAP1
SAMPLE34,chr3,52439660,-,C,exonic,BAP1
SAMPLE34,chr9,139412451,A,C,exonic,NOTCH1
SAMPLE34,chr3,52437090,G,C,exonic,BAP1
SAMPLE34,chr3,52443149,G,C,intronic,BAP1
SAMPLE34,chr15,90635093,-,G,intronic,IDH2
SAMPLE34,chr6,135506974,A,T,intronic,MYB
SAMPLE34,chr6,135530009,T,C,intronic,MYB
SAMPLE34,chr17,29532015,A,T,upstream,NF1
SAMPLE34,chr2,178120007,G,A,exonic,NFE2L2
SAMPLE34,chr2,209103357,T,A,exonic,IDH1
SAMPLE34,chr17,11937498,A,C,exonic,MAP2K4
SAMPLE34,chr6,135526101,C,-,exonic,MYB
SAMPLE34,chr4,153455919,T,A,exonic,FBXW7
SAMPLE34,chr2,178109049,C,A,exonic,NFE2L2
SAMPLE34,chr4,153245656,-,G,intronic,FBXW7
SAMPLE34,chr9,21981367,A,C,intronic,CDKN2A
SAMPLE34,chr17,29587769,T,C,exonic,NF1
SAMPLE34,chr1,118170373,-,C,intronic,FAM46C
SAMPLE34,chr4,153327027,A,T,ncRNA_intronic,FBXW7
SAMPLE34,chr17,11927180,A,G,ncRNA_exonic,MAP2K4
SAMPLE34,chr2,178124716,A,-,exonic,NFE2L2
SAMPLE34,chr3,52440377,G,A,exonic,BAP1
SAMPLE34,chr17,11965751,G,C,intronic,MAP2K4
SAMPLE34,chr17,29659502,C,T,exonic,NF1
SAMPLE34,chr1,118163007,G,-,exonic,FAM46C
SAMPLE34,chr17,12031608,T,-,intronic,MAP2K4
SAMPLE34,chr17,7583315,C,A,intronic,TP53
SAMPLE34,chr17,29581257,G,T,intronic,NF1
SAMPLE34,chr17,7572085,T,A,intronic,TP53
SAMPLE34,chr17,7584343,G,T,intronic,TP53
SAMPLE34,chr17,7581833,C,G,UTR3,TP53
SAMPLE34,chr6,135522779,G,-,exonic,MYB
SAMPLE34,chr2,178116446,-,G,intronic,NFE2L2
SAMPLE34,chr17,29646743,G,-,exonic,NF1
SAMPLE34,chr17,29451407,T,A,exonic,NF1
SAMPLE35,chr13,49004697,C,-,exonic,RB1
SAMPLE35,chr17,11935061,-,C,exonic,MAP2K4
SAMPLE35,chr18,56184946,G,A,exonic,ALPK2
SAMPLE35,chr18,56167222,G,A,intronic,ALPK2
SAMPLE35,chr20,30959362,A,G,exonic,ASXL1
SAMPLE35,chr1,26509440,G,T,ncRNA_splicing,CNKSR1
SAMPLE35,chr1,26505907,A,T,splicing,CNKSR1
SAMPLE35,chr18,56158547,G,-,intronic,ALPK2
SAMPLE35,chrX,53237261,-,A,intronic,KDM5C
SAMPLE35,chrX,53235617,C,T,intronic,KDM5C
SAMPLE35,chrX,53235429,T,A,splicing,KDM5C
SAMPLE35,chr20,30992445,C,G,exonic,ASXL1
SAMPLE35,chr18,48611120,T,C,intronic,SMAD4
SAMPLE35,chrX,53250428,A,G,intronic,KDM5C
SAMPLE35,chr20,31024492,-,C,intronic,ASXL1
SAMPLE35,chr1,26510886,G,T,exonic,CNKSR1
SAMPLE35,chr1,26510953,C,A,intronic,CNKSR1
SAMPLE35,chr18,48598665,C,-,exonic,SMAD4
SAMPLE35,chr18,48587447,A,G,exonic,SMAD4
SAMPLE35,chrX,53238147,C,G,intronic,KDM5C
SAMPLE35,chr17,11926692,-,T,intronic,MAP2K4
SAMPLE35,chrX,53248138,A,G,intronic,KDM5C
SAMPLE35,chr18,56168477,-,C,exonic,ALPK2
SAMPLE35,chr20,30982270,T,G,intronic,ASXL1
SAMPLE35,chr18,48575811,G,-,exonic,SMAD4
SAMPLE35,chr13,48968372,C,-,intronic,RB1
SAMPLE35,chr1,26504363,C,-,exonic,CNKSR1
SAMPLE35,chr17,11967570,-,T,intronic,MAP2K4
SAMPLE35,chr13,48881697,A,T,exonic,RB1
SAMPLE35,chr17,12042302,A,C,intronic,MAP2K4
SAMPLE35,chr13,49035908,G,T,intronic,RB1
SAMPLE35,chr18,48586550,A,C,ncRNA_exonic,SMAD4
SAMPLE35,chrX,53235239,T,A,intronic,KDM5C
SAMPLE35,chr13,49017663,-,G,intronic,RB1
SAMPLE35,chrX,53248737,-,A,upstream,KDM5C
SAMPLE35,chr1,26508767,-,C,exonic,CNKSR1
SAMPLE35,chrX,53236766,-,A,exonic,KDM5C
SAMPLE35,chrX,53245427,T,A,intronic,KDM5C
SAMPLE35,chr1,26512087,G,C,exonic,CNKSR1
SAMPLE35,chr17,11999686,G,A,exonic,MAP2K4
SAMPLE35,chr13,48919790,C,T,exonic,RB1
SAMPLE35,chr13,48979913,A,T,UTR5,RB1
SAMPLE35,chr1,26509957,C,A,intronic,CNKSR1
SAMPLE35,chr18,48592871,A,C,intronic,SMAD4
SAMPLE35,chr20,30996946,C,A,intronic,ASXL1
SAMPLE36,chr4,15938550,A,-,intronic,FGFBP1
SAMPLE36,chr7,140557110,T,C,intronic,BRAF
SAMPLE36,chr15,90642471,A,C,exonic,IDH2
SAMPLE36,chr5,112099622,A,G,intronic,APC
SAMPLE36,chr5,170828790,G,T,intronic,NPM1
SAMPLE36,chr4,153344757,-,A,exonic,FBXW7
SAMPLE36,chr4,15940321,T,G,intronic,FGFBP1
SAMPLE36,chr4,15938503,G,A,exonic,FGFBP1
SAMPLE36,chr17,47748935,-,C,exonic,SPOP
SAMPLE36,chr4,15938871,G,A,intronic,FGFBP1
SAMPLE36,chr3,49432826,-,G,intronic,RHOA
SAMPLE36,chr4,15937858,C,A,exonic,FGFBP1
SAMPLE36,chr5,170823461,T,G,intronic,NPM1
SAMPLE36,chr10,101182438,-,T,exonic,GOT1
SAMPLE36,chr7,140466440,G,C,intronic,BRAF
SAMPLE36,chr13,28646307,-,T,upstream,FLT3
SAMPLE36,chr4,153446616,T,-,intronic,FBXW7
SAMPLE36,chr12,25403496,T,G,exonic,KRAS
SAMPLE36,chr5,112102707,T,A,exonic,APC
SAMPLE36,chr5,170822150,T,-,upstream,NPM1
SAMPLE36,chr6,17474881,A,-,ncRNA_intronic,CAP2
SAMPLE37,chr5,112078753,T,C,splicing,APC
SAMPLE37,chr12,25383851,A,C,intronic,KRAS
SAMPLE37,chr19,52694108,G,C,intronic,PPP2R1A
SAMPLE37,chr3,178909290,G,T,upstream,PIK3CA
SAMPLE37,chr12,25358704,T,A,intronic,KRAS
SAMPLE37,chr3,178870461,G,T,intronic,PIK3CA
SAMPLE37,chr19,1224963,C,T,UTR5,STK11
SAMPLE37,chr12,25370658,-,C,exonic,KRAS
SAMPLE37,chr3,178914427,-,A,exonic,PIK3CA
SAMPLE37,chr19,52699419,G,A,exonic,PPP2R1A
SAMPLE37,chr12,25397415,G,-,exonic,KRAS
SAMPLE37,chr3,178911259,G,A,intronic,PIK3CA
SAMPLE37,chr21,36183724,C,A,intronic,RUNX1
SAMPLE37,chr19,52693782,C,T,intronic,PPP2R1A
SAMPLE37,chr19,52703459,-,C,upstream,PPP2R1A
SAMPLE37,chr21,36378914,T,C,exonic,RUNX1
SAMPLE37,chr5,112116852,G,-,intronic,APC
SAMPLE37,chr19,52722716,T,C,exonic,PPP2R1A
SAMPLE37,chr21,36224558,-,G,exonic,RUNX1
SAMPLE37,chr12,25358635,-,T,exonic,KRAS
SAMPLE37,chr12,25401277,T,C,intronic,KRAS
SAMPLE37,chr19,1210056,A,-,intronic,STK11
SAMPLE37,chr5,112092981,T,G,intronic,APC
SAMPLE37,chr19,52723797,-,C,ncRNA_exonic,PPP2R1A
SAMPLE37,chr21,36400174,G,T,exonic,RUNX1
SAMPLE37,chr3,178895331,-,C,intronic,PIK3CA
SAMPLE37,chr19,1223279,-,A,intronic,STK11
SAMPLE37,chr5,112162660,T,A,intronic,APC
SAMPLE37,chr5,112181556,C,G,splicing,APC
SAMPLE37,chr3,178896613,G,-,exonic,PIK3CA
SAMPLE37,chr19,1227621,A,C,ncRNA_exonic,STK11
SAMPLE37,chr5,112106905,T,-,intronic,APC
SAMPLE37,chr3,178905277,A,G,intronic,PIK3CA
SAMPLE37,chr12,25370229,-,A,exonic,KRAS
SAMPLE37,chr21,36251967,-,C,splicing,RUNX1
SAMPLE37,chr21,36342645,G,-,intronic,RUNX1
SAMPLE37,chr2,202135403,-,A,intronic,CASP8
SAMPLE37,chr5,112127232,-,G,intronic,APC
SAMPLE37,chr21,36291776,T,G,intronic,RUNX1
SAMPLE37,chr2,202141709,-,G,ncRNA_intronic,CASP8
SAMPLE37,chr12,25398951,G,T,exonic,KRAS
SAMPLE37,chr19,1228300,-,T,exonic,STK11
SAMPLE37,chr19,52707297,T,C,intronic,PPP2R1A
SAMPLE37,chr5,112151343,C,G,exonic,APC
SAMPLE37,chr12,25394915,T,A,exonic,KRAS
SAMPLE37,chr19,1226819,A,C,intronic,STK11
SAMPLE38,chr5,112147592,-,C,upstream,APC
SAMPLE38,chr17,7583327,T,G,intronic,TP53
SAMPLE38,chr16,67066282,G,T,intronic,CBFB
SAMPLE38,chr17,7577216,G,A,intronic,TP53
SAMPLE38,chr20,30469103,T,A,exonic,TTLL9
SAMPLE38,chr17,7590392,-,A,upstream,TP53
SAMPLE38,chr5,112118076,A,C,intronic,APC
SAMPLE38,chr16,68827162,T,-,exonic,CDH1
SAMPLE38,chr17,7574193,C,T,intronic,TP53
SAMPLE38,chr10,62033116,A,T,ncRNA_intronic,ANK3
SAMPLE38,chr16,67119682,G,T,exonic,CBFB
SAMPLE38,chr20,30493940,G,-,intronic,TTLL9
SAMPLE38,chr6,131944996,T,G,intronic,MED23
SAMPLE38,chr20,30460868,G,C,exonic,TTLL9
SAMPLE38,chr10,8109677,A,G,intronic,GATA3
SAMPLE38,chr17,7580436,A,-,ncRNA_intronic,TP53
SAMPLE38,chr16,68801280,A,C,exonic,CDH1
SAMPLE38,chr10,62103065,G,-,ncRNA_splicing,ANK3
SAMPLE38,chr9,21984962,A,-,UTR5,CDKN2A
SAMPLE38,chr16,68783320,G,A,intronic,CDH1
SAMPLE38,chr10,8098712,G,-,intronic,GATA3
SAMPLE38,chr17,7587915,C,T,intronic,TP53
SAMPLE38,chr6,131929933,-,C,intronic,MED23
SAMPLE38,chr20,30461722,T,A,intronic,TTLL9
SAMPLE38,chr20,30463179,G,T,intronic,TTLL9
SAMPLE38,chr6,131911639,A,-,intronic,MED23
SAMPLE38,chr16,67103284,-,T,downstream,CBFB
SAMPLE38,chr16,68809435,C,-,intronic,CDH1
SAMPLE38,chr16,67081732,A,C,UTR5,CBFB
SAMPLE38,chr6,131937518,G,C,exonic,MED23
SAMPLE38,chr2,202135418,G,T,exonic,CASP8
SAMPLE38,chr17,7582907,-,G,exonic,TP53
SAMPLE38,chr16,67063496,C,-,intronic,CBFB
SAMPLE38,chr17,7580286,T,A,intronic,TP53
SAMPLE38,chr16,67074029,G,T,intronic,CBFB
SAMPLE38,chr16,67074930,A,G,intronic,CBFB
SAMPLE38,chr10,8105993,G,-,UTR3,GATA3
SAMPLE38,chr17,37877460,G,T,intergenic,ERBB2
SAMPLE39,chr5,112104142,C,T,intronic,APC
SAMPLE39,chr2,25548893,-,G,intronic,DNMT3A
SAMPLE39,chr5,112144979,T,-,intronic,APC
SAMPLE39,chr3,178872311,C,-,exonic,PIK3CA
SAMPLE39,chr1,115258425,G,-,intronic,NRAS
SAMPLE39,chr1,115247165,-,G,exonic,NRAS
SAMPLE39,chr17,29606417,G,C,intronic,NF1
SAMPLE39,chr10,89686360,A,T,intronic,PTEN
SAMPLE39,chr10,89688922,G,C,intronic,PTEN
SAMPLE39,chrX,53408729,T,-,intronic,SMC1A
SAMPLE39,chr7,140501748,G,-,intronic,BRAF
SAMPLE39,chr4,153299078,G,C,exonic,FBXW7
SAMPLE39,chr10,89720249,T,A,intronic,PTEN
SAMPLE39,chr10,89687955,A,G,intronic,PTEN
SAMPLE39,chr2,25513574,A,T,intronic,DNMT3A
SAMPLE39,chr13,28582099,A,C,exonic,FLT3
SAMPLE39,chr13,28647943,-,C,exonic,FLT3
SAMPLE39,chr7,140610231,T,C,exonic,BRAF
SAMPLE39,chr10,89695209,A,-,intergenic,PTEN
SAMPLE39,chr7,140614048,A,T,intergenic,BRAF
SAMPLE40,chr6,31941589,A,C,ncRNA_splicing,STK19
SAMPLE40,chr9,21983119,C,-,intronic,CDKN2A
SAMPLE40,chr17,7584590,C,T,exonic,TP53
SAMPLE40,chr2,209101009,A,T,intronic,IDH1
SAMPLE40,chr14,105255965,-,G,UTR5,AKT1
SAMPLE40,chr2,209101138,T,C,intronic,IDH1
SAMPLE40,chr5,56158043,T,-,ncRNA_intronic,MAP3K1
SAMPLE40,chr7,140468595,T,-,exonic,BRAF
SAMPLE40,chr12,112899917,T,A,intronic,PTPN11
SAMPLE40,chr2,209112976,T,A,exonic,IDH1
SAMPLE40,chr17,7578165,C,G,exonic,TP53
SAMPLE40,chr11,534541,T,-,intronic,HRAS
SAMPLE40,chr16,68810404,-,T,intergenic,CDH1
SAMPLE40,chr12,112903130,C,G,exonic,PTPN11
SAMPLE40,chr6,31945527,T,-,intronic,STK19
SAMPLE40,chr9,21981739,-,A,intronic,CDKN2A
SAMPLE40,chr5,56167810,-,T,exonic,MAP3K1
SAMPLE40,chr14,105243319,C,A,intronic,AKT1
SAMPLE40,chr6,31945492,G,C,exonic,STK19
SAMPLE40,chr2,209117422,C,G,exonic,IDH1
SAMPLE40,chr5,56124797,C,A,intronic,MAP3K1
SAMPLE40,chr11,532282,A,T,intronic,HRAS
SAMPLE40,chr9,21982823,T,G,intronic,CDKN2A
SAMPLE40,chr16,68777778,G,C,intronic,CDH1
SAMPLE40,chr7,140495178,-,T,intronic,BRAF
SAMPLE40,chr14,105244152,C,T,exonic,AKT1
SAMPLE40,chr6,31948898,-,G,intronic,STK19
SAMPLE40,chr6,31946458,T,C,intronic,STK19
SAMPLE40,chr7,140610473,-,C,intronic,BRAF
SAMPLE40,chr19,44993434,A,C,ncRNA_exonic,ZNF180
SAMPLE40,chr17,7585209,A,T,intronic,TP53
SAMPLE40,chr17,7586458,G,A,ncRNA_exonic,TP53
SAMPLE40,chr6,31948604,C,T,intronic,STK19
SAMPLE40,chr5,56162299,T,C,intronic,MAP3K1
SAMPLE40,chr2,209111878,C,-,intronic,IDH1
SAMPLE40,chr14,105247988,-,A,intronic,AKT1
SAMPLE40,chr19,44992601,T,G,ncRNA_intronic,ZNF180
SAMPLE40,chr11,533706,T,C,ncRNA_exonic,HRAS
SAMPLE40,chr9,21978719,A,G,exonic,CDKN2A
SAMPLE40,chr2,209106238,-,T,intronic,IDH1
SAMPLE40,chr14,105239321,T,C,intronic,AKT1
SAMPLE40,chr5,56116072,A,C,exonic,MAP3K1
SAMPLE41,chr7,99565456,A,C,intronic,AZGP1
SAMPLE41,chr12,46151638,T,G,exonic,ARID2
SAMPLE41,chr3,52438668,A,G,intronic,BAP1
SAMPLE41,chr1,115254755,G,C,intronic,NRAS
SAMPLE41,chr14,105242702,-,T,exonic,AKT1
SAMPLE41,chr3,52438184,-,G,intronic,BAP1
SAMPLE41,chr3,52443380,G,T,intronic,BAP1
SAMPLE41,chr1,115257094,-,C,intronic,NRAS
SAMPLE41,chr1,115248119,T,-,intergenic,NRAS
SAMPLE41,chr1,95301371,G,-,intronic,SLC44A3
SAMPLE41,chr1,115252554,T,-,exonic,NRAS
SAMPLE41,chr16,68776196,A,C,intronic,CDH1
SAMPLE41,chr16,68794624,G,T,intronic,CDH1
SAMPLE41,chr1,95293120,A,G,intronic,SLC44A3
SAMPLE41,chr1,95303395,G,C,intronic,SLC44A3
SAMPLE41,chr1,95328940,-,G,intronic,SLC44A3
SAMPLE41,chr12,46139982,C,G,exonic,ARID2
SAMPLE41,chr14,105260154,G,A,intronic,AKT1
SAMPLE41,chr1,95342397,T,C,intronic,SLC44A3
SAMPLE41,chr12,46264762,T,G,exonic,ARID2
SAMPLE41,chr1,95301408,A,-,intronic,SLC44A3
SAMPLE41,chr13,28649866,C,A,intronic,FLT3
SAMPLE41,chr16,68809054,G,T,exonic,CDH1
SAMPLE41,chr7,99569305,A,G,exonic,AZGP1
SAMPLE41,chr7,140526149,-,A,intronic,BRAF
SAMPLE41,chr12,25394873,G,-,exonic,KRAS
SAMPLE41,chr13,28657656,C,G,intronic,FLT3
SAMPLE41,chr1,95352630,C,T,intronic,SLC44A3
SAMPLE41,chr7,140449797,C,A,intronic,BRAF
SAMPLE41,chr7,140618711,C,A,ncRNA_intronic,BRAF
SAMPLE41,chr13,28669172,G,A,intronic,FLT3
SAMPLE41,chr3,52443176,-,T,downstream,BAP1
SAMPLE41,chr7,99564584,T,A,intronic,AZGP1
SAMPLE41,chr7,140479495,C,G,intronic,BRAF
SAMPLE41,chr16,68840530,-,T,intronic,CDH1
SAMPLE41,chr1,115256197,T,G,exonic,NRAS
SAMPLE41,chr9,21978964,-,T,UTR5,CDKN2A
SAMPLE41,chr9,21978437,A,G,exonic,CDKN2A
SAMPLE41,chr16,68792171,C,A,exonic,CDH1
SAMPLE41,chr14,105254462,G,A,exonic,AKT1
SAMPLE41,chr14,105246372,T,C,exonic,AKT1
SAMPLE41,chr9,21987527,T,A,exonic,CDKN2A
SAMPLE41,chr12,46193396,G,A,intronic,ARID2
SAMPLE41,chr9,21987231,C,A,intronic,CDKN2A
SAMPLE41,chr3,52439107,-,G,intronic,BAP1
SAMPLE41,chr1,115252286,A,T,intronic,NRAS
SAMPLE41,chr7,99569700,A,G,intronic,AZGP1
SAMPLE42,chr21,36282146,C,A,ncRNA_exonic,RUNX1
SAMPLE42,chr13,28659042,A,-,intronic,FLT3
SAMPLE42,chr1,115255853,C,-,exonic,NRAS
SAMPLE42,chr2,209116263,T,C,intronic,IDH1
SAMPLE42,chr2,209102306,-,A,intronic,IDH1
SAMPLE42,chr2,209109243,T,C,exonic,IDH1
SAMPLE42,chr1,115255077,G,T,ncRNA_exonic,NRAS
SAMPLE42,chr16,68783667,C,G,intronic,CDH1
SAMPLE42,chr5,67528586,C,-,intronic,PIK3R1
SAMPLE42,chr17,11962821,T,-,exonic,MAP2K4
SAMPLE42,chr9,21990132,T,-,intronic,CDKN2A
SAMPLE42,chr5,67545051,A,-,exonic,PIK3R1
SAMPLE42,chr21,36317409,G,-,intronic,RUNX1
SAMPLE42,chr2,209107427,C,T,exonic,IDH1
SAMPLE42,chr5,176564456,C,T,exonic,NSD1
SAMPLE42,chr1,115249253,-,T,intronic,NRAS
SAMPLE42,chr1,115254336,T,A,intronic,NRAS
SAMPLE42,chr9,21993596,T,A,exonic,CDKN2A
SAMPLE42,chr10,89636710,C,G,exonic,PTEN
SAMPLE42,chr1,115249053,-,G,intronic,NRAS
SAMPLE42,chr13,28578570,-,T,intergenic,FLT3
SAMPLE42,chr13,28633949,-,C,exonic,FLT3
SAMPLE42,chr21,36211225,C,T,downstream,RUNX1
SAMPLE42,chr2,209101141,T,G,intronic,IDH1
SAMPLE42,chr5,176694859,G,A,intronic,NSD1
SAMPLE42,chr5,176721369,-,A,intronic,NSD1
SAMPLE42,chr16,68777672,T,A,exonic,CDH1
SAMPLE42,chr5,176584460,G,A,exonic,NSD1
SAMPLE42,chr21,36228948,-,C,exonic,RUNX1
SAMPLE42,chr1,115258211,G,C,intronic,NRAS
SAMPLE42,chr10,89704760,A,C,intronic,PTEN
SAMPLE42,chr5,176614885,A,G,intronic,NSD1
SAMPLE42,chr5,176634292,C,T,exonic,NSD1
SAMPLE42,chr5,67581547,-,T,intronic,PIK3R1
SAMPLE42,chr13,28639018,G,-,intronic,FLT3
SAMPLE42,chr1,115247196,A,G,intronic,NRAS
SAMPLE42,chr5,67543196,T,A,intronic,PIK3R1
SAMPLE42,chr5,176594654,-,A,intronic,NSD1
SAMPLE42,chr17,11925451,C,T,intronic,MAP2K4
SAMPLE42,chr5,176680226,-,G,exonic,NSD1
SAMPLE42,chr17,11959379,C,A,intronic,MAP2K4
SAMPLE42,chr16,68796731,C,-,intronic,CDH1
SAMPLE42,chr5,176576721,T,-,intronic,NSD1
SAMPLE42,chr2,209103970,A,C,exonic,IDH1
SAMPLE43,chrX,53248614,A,G,exonic,KDM5C
SAMPLE43,chr1,115259021,C,G,intronic,NRAS
SAMPLE43,chr5,112084255,-,C,downstream,APC
SAMPLE43,chrX,53239933,T,-,exonic,KDM5C
SAMPLE43,chr8,88104422,G,A,intronic,CNBD1
SAMPLE43,chr16,68797811,G,C,intronic,CDH1
SAMPLE43,chr11,32425591,T,A,exonic,WT1
SAMPLE43,chr7,6437646,T,G,exonic,RAC1
SAMPLE43,chr9,21977708,A,T,exonic,CDKN2A
SAMPLE43,chr16,67637369,A,-,intronic,CTCF
SAMPLE43,chr12,46214207,-,A,intronic,ARID2
SAMPLE43,chr3,178903137,C,T,ncRNA_intronic,PIK3CA
SAMPLE43,chr7,6425256,A,T,intronic,RAC1
SAMPLE43,chrX,53234807,-,T,exonic,KDM5C
SAMPLE43,chr2,209106399,C,A,intronic,IDH1
SAMPLE43,chr7,6423390,-,A,exonic,RAC1
SAMPLE43,chr16,67646616,A,T,intronic,CTCF
SAMPLE43,chrX,53239267,G,C,intronic,KDM5C
SAMPLE43,chr5,56125959,A,-,intronic,MAP3K1
SAMPLE43,chr5,112127964,C,G,exonic,APC
SAMPLE43,chr11,32412329,T,-,intronic,WT1
SAMPLE43,chr2,209109543,G,A,intronic,IDH1
SAMPLE43,chrX,53242520,-,C,intronic,KDM5C
SAMPLE43,chr5,112143623,G,T,exonic,APC
SAMPLE43,chr5,56118153,A,C,intronic,MAP3K1
SAMPLE43,chr11,32428364,G,-,intergenic,WT1
SAMPLE43,chr9,21970164,-,T,exonic,CDKN2A
SAMPLE43,chr9,21984667,-,G,intronic,CDKN2A
SAMPLE43,chr5,56188683,T,C,exonic,MAP3K1
SAMPLE43,chr9,21969129,-,C,intergenic,CDKN2A
SAMPLE43,chr5,112174663,-,C,intronic,APC
SAMPLE43,chr5,112145894,C,-,ncRNA_splicing,APC
SAMPLE43,chr5,112080176,A,T,exonic,APC
SAMPLE43,chr2,209109499,A,G,splicing,IDH1
SAMPLE43,chr1,115252530,A,G,intronic,NRAS
SAMPLE43,chr3,178898827,T,A,UTR3,PIK3CA
SAMPLE43,chr3,178874441,A,G,intronic,PIK3CA
SAMPLE43,chr2,209104843,A,C,exonic,IDH1
SAMPLE43,chr9,21993344,T,C,intronic,CDKN2A
SAMPLE44,chr11,534931,G,-,ncRNA_exonic,HRAS
SAMPLE44,chrX,53247061,T,C,UTR5,KDM5C
SAMPLE44,chr17,7584983,A,G,intronic,TP53
SAMPLE44,chr5,112127714,A,T,splicing,APC
SAMPLE44,chr17,7586263,T,C,intronic,TP53
SAMPLE44,chr9,114296092,A,T,exonic,ZNF483
SAMPLE44,chr17,7586907,C,-,exonic,TP53
SAMPLE44,chr9,114303816,G,A,intronic,ZNF483
SAMPLE44,chr11,533659,C,T,ncRNA_exonic,HRAS
SAMPLE44,chr1,115252508,-,C,exonic,NRAS
SAMPLE44,chr2,209117593,A,C,intronic,IDH1
SAMPLE44,chr1,115256550,T,-,intronic,NRAS
SAMPLE44,chr5,112089218,-,G,intronic,APC
SAMPLE44,chr11,534708,T,A,intronic,HRAS
SAMPLE44,chr9,114291407,-,T,exonic,ZNF483
SAMPLE44,chr1,115258487,-,A,intronic,NRAS
SAMPLE44,chr2,209101016,T,-,upstream,IDH1
SAMPLE44,chr3,178887655,A,C,intronic,PIK3CA
SAMPLE44,chr1,27085418,C,A,UTR5,ARID1A
SAMPLE44,chr17,7586539,C,G,upstream,TP53
SAMPLE44,chr5,112138709,A,T,exonic,APC
SAMPLE44,chr4,71064186,C,T,exonic,ODAM
SAMPLE44,chr2,209110258,C,A,intronic,IDH1
SAMPLE44,chrX,53221464,C,G,intronic,KDM5C
SAMPLE44,chr2,209115147,A,G,exonic,IDH1
SAMPLE44,chr1,115257088,-,C,intronic,NRAS
SAMPLE44,chr5,112131530,G,T,ncRNA_intronic,APC
SAMPLE44,chr17,7576945,-,C,exonic,TP53
SAMPLE44,chr1,115253953,-,C,exonic,NRAS
SAMPLE44,chr5,112166761,G,T,downstream,APC
SAMPLE44,chr11,533454,A,C,intronic,HRAS
SAMPLE44,chr9,114293871,A,G,exonic,ZNF483
SAMPLE44,chr3,178877298,A,-,intronic,PIK3CA
SAMPLE45,chr5,56191146,G,C,intronic,MAP3K1
SAMPLE45,chrX,123151838,C,-,intronic,STAG2
SAMPLE45,chr2,25494972,-,G,downstream,DNMT3A
SAMPLE45,chr5,112163644,A,G,exonic,APC
SAMPLE45,chr5,112076133,T,C,intronic,APC
SAMPLE45,chr1,115250895,-,C,ncRNA_intronic,NRAS
SAMPLE45,chr5,112102341,-,G,exonic,APC
SAMPLE45,chrX,123097521,C,T,intronic,STAG2
SAMPLE45,chr5,56123718,C,-,intronic,MAP3K1
SAMPLE45,chr5,56116632,G,A,exonic,MAP3K1
SAMPLE45,chr1,115249511,G,A,intronic,NRAS
SAMPLE45,chr1,115247566,A,C,intronic,NRAS
SAMPLE45,chr5,56162695,-,A,intronic,MAP3K1
SAMPLE45,chr5,56175670,-,A,intronic,MAP3K1
SAMPLE45,chr2,25501280,-,A,exonic,DNMT3A
SAMPLE45,chr5,56179612,A,C,intronic,MAP3K1
SAMPLE45,chr2,25456323,-,C,exonic,DNMT3A
SAMPLE45,chr5,112111757,T,-,exonic,APC
SAMPLE45,chr5,112167101,C,-,intronic,APC
SAMPLE45,chr1,115252558,G,C,exonic,NRAS
SAMPLE45,chrX,123182981,-,T,intronic,STAG2
SAMPLE45,chr5,112083530,G,A,exonic,APC
SAMPLE45,chr5,56110950,A,C,intronic,MAP3K1
SAMPLE45,chr1,115255415,C,A,exonic,NRAS
SAMPLE45,chr5,56139807,G,-,exonic,MAP3K1
SAMPLE45,chrX,123206508,G,C,intronic,STAG2
SAMPLE45,chr1,115254243,T,A,intronic,NRAS
SAMPLE45,chr1,115250687,C,A,exonic,NRAS
SAMPLE45,chr2,25550962,-,T,UTR3,DNMT3A
SAMPLE45,chrX,123142042,C,G,intronic,STAG2
SAMPLE45,chr5,56187688,T,-,exonic,MAP3K1
SAMPLE45,chr2,25473170,-,C,intronic,DNMT3A
SAMPLE45,chr5,112173843,T,A,downstream,APC
SAMPLE45,chrX,123172125,-,G,exonic,STAG2
SAMPLE45,chr1,115259058,C,-,intronic,NRAS
SAMPLE46,chr22,41499824,T,-,intronic,EP300
SAMPLE46,chr14,105247056,T,C,intronic,AKT1
SAMPLE46,chr5,56170315,C,G,exonic,MAP3K1
SAMPLE46,chr18,48603029,-,A,intronic,SMAD4
SAMPLE46,chr12,25378711,-,G,intronic,KRAS
SAMPLE46,chr18,61258594,A,-,ncRNA_exonic,SERPINB13
SAMPLE46,chr14,105259556,T,-,ncRNA_intronic,AKT1
SAMPLE46,chr19,6278664,A,G,UTR3,MLL
SAMPLE46,chr19,6270456,T,-,intronic,MLL
SAMPLE46,chr14,105259381,C,A,intergenic,AKT1
SAMPLE46,chr12,25383566,A,T,exonic,KRAS
SAMPLE46,chr18,48579124,-,A,intronic,SMAD4
SAMPLE46,chr12,25369503,G,A,intronic,KRAS
SAMPLE46,chr22,41527099,C,-,intronic,EP300
SAMPLE46,chr19,6272795,C,A,exonic,MLL
SAMPLE46,chr18,61257890,G,-,exonic,SERPINB13
SAMPLE46,chr5,56180169,A,G,downstream,MAP3K1
SAMPLE46,chr5,170818326,-,C,intronic,NPM1
SAMPLE46,chr22,41506413,C,G,intronic,EP300
SAMPLE46,chr14,105258940,-,C,intronic,AKT1
SAMPLE46,chr18,61261151,-,A,UTR3,SERPINB13
SAMPLE46,chr22,41511736,-,T,intronic,EP300
SAMPLE46,chr22,41573808,C,-,exonic,EP300
SAMPLE46,chr5,170832078,-,T,intronic,NPM1
SAMPLE46,chr19,6268612,A,C,exonic,MLL
SAMPLE46,chr18,48595588,T,-,exonic,SMAD4
SAMPLE46,chr5,67586568,G,T,exonic,PIK3R1
SAMPLE46,chr5,170834506,C,A,exonic,NPM1
SAMPLE46,chr5,170834388,G,-,exonic,NPM1
SAMPLE46,chr18,48585864,C,G,UTR3,SMAD4
SAMPLE46,chr5,67525344,-,A,exonic,PIK3R1
SAMPLE46,chr19,6226454,T,G,exonic,MLL
SAMPLE46,chr18,61263007,G,T,intronic,SERPINB13
SAMPLE46,chr5,170825324,-,A,exonic,NPM1
SAMPLE46,chr5,67521616,C,A,ncRNA_exonic,PIK3R1
SAMPLE46,chr19,6214386,G,T,intronic,MLL
SAMPLE46,chr22,41531753,T,A,intronic,EP300
SAMPLE46,chr12,25387862,T,A,intronic,KRAS
SAMPLE46,chr5,170833473,-,C,exonic,NPM1
SAMPLE46,chr14,105240999,T,A,intronic,AKT1
SAMPLE46,chr5,170825173,C,T,exonic,NPM1
SAMPLE46,chr18,61265323,C,G,exonic,SERPINB13
SAMPLE46,chr14,105240209,C,G,intronic,AKT1
SAMPLE46,chr5,67567667,C,T,exonic,PIK3R1
SAMPLE46,chr14,105242106,-,A,intronic,AKT1
SAMPLE46,chr18,48566148,-,C,intronic,SMAD4
SAMPLE46,chr19,6220193,-,A,intronic,MLL
SAMPLE46,chr5,56168374,C,A,exonic,MAP3K1
SAMPLE47,chr21,36161490,C,-,intronic,RUNX1
SAMPLE47,chr3,47154904,-,A,ncRNA_splicing,SETD2
SAMPLE47,chr3,47076304,-,A,exonic,SETD2
SAMPLE47,chr21,44525977,C,G,intronic,U2AF1
SAMPLE47,chr5,112167663,C,A,intronic,APC
SAMPLE47,chr3,47125970,A,T,intronic,SETD2
SAMPLE47,chr4,187620930,T,A,splicing,FAT1
SAMPLE47,chr12,25401452,T,C,exonic,KRAS
SAMPLE47,chr3,38180146,T,G,intronic,MYD88
SAMPLE47,chr21,44518965,G,A,exonic,U2AF1
SAMPLE47,chr21,44522550,C,G,exonic,U2AF1
SAMPLE47,chr12,25379748,G,C,exonic,KRAS
SAMPLE47,chr3,38181249,C,G,UTR5,MYD88
SAMPLE47,chr13,28595650,T,C,exonic,FLT3
SAMPLE47,chr21,36358719,-,G,UTR3,RUNX1
SAMPLE47,chr3,38183797,-,G,UTR3,MYD88
SAMPLE47,chr3,38182689,A,T,intronic,MYD88
SAMPLE47,chr12,25376899,C,-,ncRNA_exonic,KRAS
SAMPLE47,chr3,38181929,T,-,UTR3,MYD88
SAMPLE47,chr16,67657371,T,A,intronic,CTCF
SAMPLE47,chr5,112122461,C,-,downstream,APC
SAMPLE47,chr16,67630477,C,G,UTR5,CTCF
SAMPLE47,chr18,48581123,T,G,splicing,SMAD4
SAMPLE47,chr2,178125137,A,G,exonic,NFE2L2
SAMPLE48,chr12,112860086,T,-,exonic,PTPN11
SAMPLE48,chr15,90627537,-,C,intronic,IDH2
SAMPLE48,chr12,112873420,A,T,intronic,PTPN11
SAMPLE48,chr12,112857392,T,G,exonic,PTPN11
SAMPLE48,chr17,29618263,-,A,exonic,NF1
SAMPLE48,chr10,89633205,C,-,intergenic,PTEN
SAMPLE48,chr14,105254673,-,A,ncRNA_splicing,AKT1
SAMPLE48,chr2,198257691,G,-,ncRNA_intronic,SF3B1
SAMPLE48,chr12,25396875,A,G,intronic,KRAS
SAMPLE48,chr17,7576330,-,G,intronic,TP53
SAMPLE48,chr12,25396557,A,-,intronic,KRAS
SAMPLE48,chr14,105250095,-,A,exonic,AKT1
SAMPLE48,chr17,29506373,C,-,intronic,NF1
SAMPLE48,chr15,90627996,C,-,intronic,IDH2
SAMPLE48,chr12,25401461,-,G,exonic,KRAS
SAMPLE48,chr17,7584984,C,T,intronic,TP53
SAMPLE48,chr4,187539364,C,T,intronic,FAT1
SAMPLE48,chr5,170815509,G,-,ncRNA_exonic,NPM1
SAMPLE48,chr4,187583979,C,T,exonic,FAT1
SAMPLE48,chr12,25373889,G,A,splicing,KRAS
SAMPLE48,chr2,178108775,T,A,exonic,NFE2L2
SAMPLE48,chr9,21993141,C,-,intronic,CDKN2A
SAMPLE48,chr10,89714697,T,A,exonic,PTEN
SAMPLE48,chr5,170826652,-,T,exonic,NPM1
SAMPLE48,chr17,29425264,T,A,exonic,NF1
SAMPLE48,chr15,90632678,G,-,exonic,IDH2
SAMPLE48,chr17,7584586,-,A,intronic,TP53
SAMPLE48,chr2,209110886,T,-,intronic,IDH1
SAMPLE48,chr17,7577880,G,-,intronic,TP53
SAMPLE48,chr14,105250512,-,T,exonic,AKT1
SAMPLE48,chr12,25363011,G,T,intronic,KRAS
SAMPLE48,chr12,25399017,-,C,exonic,KRAS
SAMPLE48,chr1,152279214,G,C,exonic,FLG
SAMPLE48,chr2,198279189,G,-,exonic,SF3B1
SAMPLE48,chr2,209118997,T,-,exonic,IDH1
SAMPLE48,chr2,178101309,G,C,exonic,NFE2L2
SAMPLE48,chr1,152281226,C,T,exonic,FLG
SAMPLE48,chr2,178109790,T,C,intronic,NFE2L2
SAMPLE48,chr10,89638801,C,-,intronic,PTEN
SAMPLE48,chr14,105256855,C,G,exonic,AKT1
SAMPLE48,chr17,29607856,C,T,exonic,NF1
SAMPLE49,chr12,46257983,T,G,intronic,ARID2
SAMPLE49,chr21,44527270,G,A,intronic,U2AF1
SAMPLE49,chr12,46260848,G,A,intronic,ARID2
SAMPLE49,chr21,44527521,T,C,intronic,U2AF1
SAMPLE49,chr12,46251859,C,T,exonic,ARID2
SAMPLE49,chr5,170833125,T,C,exonic,NPM1
SAMPLE49,chr7,55166530,G,T,ncRNA_intronic,EGFR
SAMPLE49,chr6,163962178,C,-,intronic,QKI
SAMPLE49,chr21,44514537,C,G,UTR3,U2AF1
SAMPLE49,chr18,48600801,C,G,intronic,SMAD4
SAMPLE49,chr5,170820314,C,A,exonic,NPM1
SAMPLE49,chr5,170823499,C,G,intronic,NPM1
SAMPLE49,chr5,170820151,A,T,intronic,NPM1
SAMPLE49,chr6,163944385,A,T,exonic,QKI
SAMPLE49,chr12,46293583,T,C,intronic,ARID2
SAMPLE49,chr7,55246941,-,A,intronic,EGFR
SAMPLE49,chr10,89663800,-,A,exonic,PTEN
SAMPLE49,chr10,89713509,A,G,exonic,PTEN
SAMPLE49,chr7,99567183,G,-,ncRNA_exonic,AZGP1
SAMPLE49,chr18,48583655,A,T,intronic,SMAD4
SAMPLE49,chr10,89717763,G,A,exonic,PTEN
SAMPLE49,chr10,89660216,C,G,exonic,PTEN
SAMPLE49,chr7,99573579,-,T,exonic,AZGP1
SAMPLE49,chr12,46238710,T,A,exonic,ARID2
SAMPLE49,chr12,46188729,C,-,upstream,ARID2
SAMPLE49,chr5,170833933,-,A,intronic,NPM1
SAMPLE49,chr16,67100571,A,C,intronic,CBFB
SAMPLE49,chr6,163908491,-,T,intronic,QKI
SAMPLE49,chr18,48568598,G,T,upstream,SMAD4
SAMPLE49,chr21,44522273,-,C,intronic,U2AF1
SAMPLE49,chr21,44515434,G,-,intronic,U2AF1
SAMPLE49,chr18,48606647,G,T,exonic,SMAD4
SAMPLE49,chr5,170828403,-,T,ncRNA_splicing,NPM1
SAMPLE49,chr16,67092515,T,-,intronic,CBFB
SAMPLE49,chr21,44514712,A,C,intronic,U2AF1
SAMPLE49,chr7,55192945,A,T,intronic,EGFR
SAMPLE49,chr5,170815860,C,T,intronic,NPM1
SAMPLE49,chr15,45006700,T,C,intronic,B2M
SAMPLE49,chr21,44526990,C,T,intronic,U2AF1
SAMPLE49,chr6,163955947,-,C,intronic,QKI
SAMPLE49,chr18,48595220,G,C,intronic,SMAD4
SAMPLE49,chr21,44516505,A,-,intronic,U2AF1
SAMPLE49,chr6,163912154,A,C,intronic,QKI
SAMPLE49,chr5,170822869,-,C,exonic,NPM1
SAMPLE49,chr21,44524586,T,C,exonic,U2AF1
SAMPLE50,chr5,56150832,C,T,intronic,MAP3K1
SAMPLE50,chr2,178095512,T,-,upstream,NFE2L2
SAMPLE50,chr7,140621367,T,C,intronic,BRAF
SAMPLE50,chr2,61729196,G,T,intronic,XPO1
SAMPLE50,chr17,80792330,G,-,intronic,ZNF750
SAMPLE50,chr7,140601658,-,T,exonic,BRAF
SAMPLE50,chr15,90640446,A,G,exonic,IDH2
SAMPLE50,chr12,25367392,A,C,exonic,KRAS
SAMPLE50,chr17,80791255,G,A,splicing,ZNF750
SAMPLE50,chr6,168356764,A,C,intronic,MLL4
SAMPLE50,chr12,25366028,T,-,splicing,KRAS
SAMPLE50,chr2,61750688,-,G,UTR5,XPO1
SAMPLE50,chr5,56117489,A,C,intronic,MAP3K1
SAMPLE50,chr2,178124255,-,G,downstream,NFE2L2
SAMPLE50,chr17,80792310,T,A,exonic,ZNF750
SAMPLE50,chr9,139412811,T,-,intronic,NOTCH1
SAMPLE50,chr12,25371627,C,T,intronic,KRAS
SAMPLE50,chr17,80797897,T,G,intronic,ZNF750
SAMPLE50,chr9,139407352,-,T,intronic,NOTCH1
SAMPLE50,chr15,90640176,-,A,exonic,IDH2
SAMPLE50,chr12,25378436,A,C,intronic,KRAS
SAMPLE50,chr9,139404443,G,A,intronic,NOTCH1
SAMPLE50,chr9,139404904,A,C,exonic,NOTCH1
SAMPLE50,chr5,56172978,A,C,splicing,MAP3K1
SAMPLE50,chr15,90638058,T,G,exonic,IDH2
SAMPLE50,chr2,61731359,T,-,exonic,XPO1
SAMPLE50,chr5,56184262,G,C,exonic,MAP3K1
SAMPLE50,chr9,139419498,C,-,downstream,NOTCH1
SAMPLE50,chr15,90644929,A,-,intronic,IDH2
SAMPLE50,chr7,140568072,A,G,intronic,BRAF
SAMPLE50,chr2,178120453,C,A,UTR3,NFE2L2
SAMPLE50,chr2,178099497,C,-,intronic,NFE2L2
SAMPLE50,chr2,178103657,C,A,exonic,NFE2L2
SAMPLE50,chr7,140479460,A,C,intronic,BRAF
SAMPLE50,chr15,90634336,T,-,intronic,IDH2
SAMPLE51,chr10,89637419,-,T,exonic,PTEN
SAMPLE51,chr5,67514923,C,T,intronic,PIK3R1
SAMPLE51,chr10,89637492,T,A,intronic,PTEN
SAMPLE51,chr9,113087064,-,A,intronic,TXNDC8
SAMPLE51,chr16,68833662,-,T,exonic,CDH1
SAMPLE51,chr10,89691570,T,C,UTR5,PTEN
SAMPLE51,chr5,56173239,C,A,intronic,MAP3K1
SAMPLE51,chr5,56153739,G,A,intronic,MAP3K1
SAMPLE51,chr9,113096575,C,T,exonic,TXNDC8
SAMPLE51,chr9,113078735,C,G,ncRNA_exonic,TXNDC8
SAMPLE51,chr5,56116623,G,A,exonic,MAP3K1
SAMPLE51,chr16,68824084,C,A,intronic,CDH1
SAMPLE51,chr5,112169204,A,-,intronic,APC
SAMPLE51,chr5,56180417,T,-,exonic,MAP3K1
SAMPLE51,chr7,140508901,T,C,exonic,BRAF
SAMPLE51,chr5,112133164,C,-,intronic,APC
SAMPLE51,chr5,112129028,-,T,exonic,APC
SAMPLE51,chr10,89631428,T,-,UTR3,PTEN
SAMPLE51,chr5,56190823,C,-,UTR3,MAP3K1
SAMPLE51,chr5,67585936,C,A,intronic,PIK3R1
SAMPLE51,chr10,89710580,-,C,intronic,PTEN
SAMPLE51,chr10,89655050,T,C,intronic,PTEN
SAMPLE51,chr10,89638743,G,C,intronic,PTEN
SAMPLE51,chr9,113082653,A,T,intronic,TXNDC8
SAMPLE51,chr16,68823515,T,G,intronic,CDH1
SAMPLE51,chr10,89673818,C,T,intronic,PTEN
SAMPLE51,chr9,113093521,-,T,intronic,TXNDC8
SAMPLE51,chr9,113096016,G,C,exonic,TXNDC8
SAMPLE51,chr10,89697415,A,G,intronic,PTEN
SAMPLE51,chr7,140597867,-,T,exonic,BRAF
SAMPLE51,chr7,140615070,A,-,intronic,BRAF
SAMPLE51,chr7,140549327,A,-,ncRNA_splicing,BRAF
SAMPLE51,chr9,113069686,A,T,exonic,TXNDC8
SAMPLE51,chr5,56134618,A,T,exonic,MAP3K1
SAMPLE51,chr5,56141091,C,A,exonic,MAP3K1
SAMPLE51,chr10,89660887,A,G,exonic,PTEN
SAMPLE51,chr9,113095774,-,C,intronic,TXNDC8
SAMPLE51,chr9,113081157,A,T,intronic,TXNDC8
SAMPLE51,chr5,67519549,C,A,exonic,PIK3R1
SAMPLE51,chr7,140537869,C,A,intronic,BRAF
SAMPLE51,chr5,112096422,C,A,exonic,APC
SAMPLE51,chr9,113074926,G,-,intronic,TXNDC8
SAMPLE51,chr16,68792544,-,C,intronic,CDH1
SAMPLE51,chr5,112097769,G,C,exonic,APC
SAMPLE51,chr10,89687500,G,A,exonic,PTEN
SAMPLE51,chr5,56129026,T,C,ncRNA_intronic,MAP3K1
SAMPLE52,chr10,89706748,A,-,intronic,PTEN
SAMPLE52,chr7,140560417,T,-,exonic,BRAF
SAMPLE52,chr17,29485062,-,C,exonic,NF1
SAMPLE52,chr1,11305434,C,T,exonic,MTOR
SAMPLE52,chr1,59009726,G,-,intronic,OMA1
SAMPLE52,chr1,58994891,G,C,exonic,OMA1
SAMPLE52,chr7,140595590,-,C,exonic,BRAF
SAMPLE52,chr17,29489118,A,G,exonic,NF1
SAMPLE52,chr2,25513789,C,G,intronic,DNMT3A
SAMPLE52,chr17,29686006,A,T,intronic,NF1
SAMPLE52,chr12,106701241,G,-,intronic,TCP11L2
SAMPLE52,chr13,48995514,C,A,intronic,RB1
SAMPLE52,chr12,106699444,A,-,exonic,TCP11L2
SAMPLE52,chr19,10606870,A,T,intronic,KEAP1
SAMPLE52,chr13,49009291,A,-,intronic,RB1
SAMPLE52,chr19,10599931,A,T,exonic,KEAP1
SAMPLE52,chr17,29604295,G,A,intronic,NF1
SAMPLE52,chr7,140520317,C,-,ncRNA_exonic,BRAF
SAMPLE52,chr2,25496408,A,C,exonic,DNMT3A
SAMPLE52,chr13,49043889,-,A,exonic,RB1
SAMPLE52,chr2,25458383,-,T,exonic,DNMT3A
SAMPLE53,chr13,28578255,-,G,intronic,FLT3
SAMPLE53,chr3,10193560,G,T,intronic,VHL
SAMPLE53,chr5,112119473,T,G,exonic,APC
SAMPLE53,chr2,209116553,A,T,exonic,IDH1
SAMPLE53,chr3,10183374,G,-,intronic,VHL
SAMPLE53,chr17,58678371,A,C,intronic,PPM1D
SAMPLE53,chr2,209105114,G,A,intronic,IDH1
SAMPLE53,chr7,140575438,C,T,intronic,BRAF
SAMPLE53,chr3,178941543,T,G,intronic,PIK3CA
SAMPLE53,chr19,52700962,A,T,splicing,PPP2R1A
SAMPLE53,chr2,209108223,C,T,intronic,IDH1
SAMPLE53,chr2,209105171,C,-,ncRNA_splicing,IDH1
SAMPLE53,chr17,58691141,C,T,intronic,PPM1D
SAMPLE53,chr13,28614329,G,A,exonic,FLT3
SAMPLE53,chr3,178916843,G,C,intronic,PIK3CA
SAMPLE53,chr3,178919580,-,C,intronic,PIK3CA
SAMPLE53,chr2,209113041,-,A,intronic,IDH1
SAMPLE53,chr3,10191372,-,G,intronic,VHL
SAMPLE53,chr10,8111795,-,G,intronic,GATA3
SAMPLE53,chr5,112164423,A,T,intronic,APC
SAMPLE53,chr4,187634391,-,A,upstream,FAT1
SAMPLE53,chr5,112081775,G,A,exonic,APC
SAMPLE53,chr17,58700402,G,C,intronic,PPM1D
SAMPLE53,chr5,56153432,A,-,exonic,MAP3K1
SAMPLE53,chr7,140472868,A,G,exonic,BRAF
SAMPLE53,chr3,178869365,C,A,exonic,PIK3CA
SAMPLE53,chr5,56121349,C,-,intronic,MAP3K1
SAMPLE53,chr19,52714662,-,A,exonic,PPP2R1A
SAMPLE53,chr3,10195284,A,G,exonic,VHL
SAMPLE53,chr3,178871185,G,-,intronic,PIK3CA
SAMPLE53,chr17,58702625,C,G,intronic,PPM1D
SAMPLE53,chr7,140604151,T,-,intronic,BRAF
SAMPLE53,chr4,187628399,G,T,exonic,FAT1
SAMPLE53,chr3,10194033,T,G,intronic,VHL
SAMPLE53,chr19,52701953,G,C,intronic,PPP2R1A
SAMPLE53,chr7,140513686,T,C,exonic,BRAF
SAMPLE53,chr3,10186102,-,C,intronic,VHL
SAMPLE53,chr2,209103704,G,-,exonic,IDH1
SAMPLE53,chr10,8107483,-,A,exonic,GATA3
SAMPLE53,chr3,178891333,T,C,upstream,PIK3CA
SAMPLE53,chr2,209104292,C,A,ncRNA_intronic,IDH1
SAMPLE53,chr2,209104730,T,A,exonic,IDH1
SAMPLE53,chr10,8102017,A,G,exonic,GATA3
SAMPLE54,chr1,169590428,C,G,intronic,SELP
SAMPLE54,chr14,105252361,G,-,intronic,AKT1
SAMPLE54,chr16,68783755,C,T,intronic,CDH1
SAMPLE54,chr12,25400251,T,A,intronic,KRAS
SAMPLE54,chr16,68816630,T,G,intronic,CDH1
SAMPLE54,chr11,532911,A,G,intronic,HRAS
SAMPLE54,chr5,56188897,T,C,ncRNA_exonic,MAP3K1
SAMPLE54,chr2,178118282,T,A,intronic,NFE2L2
SAMPLE54,chr1,169593014,A,-,intronic,SELP
SAMPLE54,chr2,178128989,T,G,intronic,NFE2L2
SAMPLE54,chr16,68805899,C,-,exonic,CDH1
SAMPLE54,chr12,25375404,G,-,intronic,KRAS
SAMPLE54,chr5,56189255,-,C,intronic,MAP3K1
SAMPLE54,chr17,7577997,G,A,intronic,TP53
SAMPLE54,chr11,532988,C,A,UTR5,HRAS
SAMPLE54,chr17,7588568,A,-,intronic,TP53
SAMPLE54,chr3,47158863,C,T,exonic,SETD2
SAMPLE54,chr5,56163777,-,G,intronic,MAP3K1
SAMPLE54,chr2,178124698,G,C,intronic,NFE2L2
SAMPLE54,chr11,532970,A,T,intronic,HRAS
SAMPLE55,chr2,202135142,T,A,intronic,CASP8
SAMPLE55,chr13,28628046,-,A,intronic,FLT3
SAMPLE55,chr1,27024471,-,T,exonic,ARID1A
SAMPLE55,chr2,25525534,A,G,intronic,DNMT3A
SAMPLE55,chr10,8098980,A,T,intronic,GATA3
SAMPLE55,chr5,64910164,-,T,ncRNA_intronic,TRIM23
SAMPLE55,chr17,7576079,A,-,intronic,TP53
SAMPLE55,chr2,202125078,-,G,exonic,CASP8
SAMPLE55,chr13,28657116,-,G,intronic,FLT3
SAMPLE55,chr13,28618999,A,-,intronic,FLT3
SAMPLE55,chr5,56161246,G,T,intronic,MAP3K1
SAMPLE55,chr17,7580410,T,-,intergenic,TP53
SAMPLE55,chr2,25483005,-,T,upstream,DNMT3A
SAMPLE55,chr2,25536681,G,C,intronic,DNMT3A
SAMPLE55,chr1,115251304,T,G,intronic,NRAS
SAMPLE55,chr5,56179072,A,G,upstream,MAP3K1
SAMPLE55,chr1,115256574,A,T,exonic,NRAS
SAMPLE55,chr2,25551279,G,A,exonic,DNMT3A
SAMPLE55,chr5,64919236,-,A,exonic,TRIM23
SAMPLE55,chr17,7576962,A,T,intronic,TP53
SAMPLE55,chr13,28579445,-,A,intronic,FLT3
SAMPLE55,chr17,7590394,G,T,UTR3,TP53
SAMPLE55,chr2,202148699,-,C,ncRNA_intronic,CASP8
SAMPLE55,chr2,25471771,A,G,exonic,DNMT3A
SAMPLE55,chr5,56179238,G,A,exonic,MAP3K1
SAMPLE55,chr1,27103420,A,T,intronic,ARID1A
SAMPLE55,chr5,56170696,A,-,intronic,MAP3K1
SAMPLE55,chr2,25461757,G,C,intronic,DNMT3A
SAMPLE55,chr10,8114172,G,C,intronic,GATA3
SAMPLE55,chr1,27074533,T,-,intronic,ARID1A
SAMPLE55,chr2,25559910,A,T,ncRNA_intronic,DNMT3A
SAMPLE55,chr10,8100644,G,T,exonic,GATA3
SAMPLE55,chr2,25482638,A,G,intronic,DNMT3A
SAMPLE55,chr2,25554014,T,A,ncRNA_exonic,DNMT3A
SAMPLE55,chr2,202136672,T,C,intronic,CASP8
SAMPLE55,chr13,28663430,G,C,ncRNA_intronic,FLT3
SAMPLE55,chr13,28589156,C,G,exonic,FLT3
SAMPLE55,chr2,25463382,T,-,intronic,DNMT3A
SAMPLE55,chr17,7590799,T,A,exonic,TP53
SAMPLE55,chr13,28610205,G,A,exonic,FLT3
SAMPLE55,chr13,28627561,C,G,exonic,FLT3
SAMPLE55,chr5,64888280,-,T,exonic,TRIM23
SAMPLE55,chr5,64919141,G,C,ncRNA_exonic,TRIM23
SAMPLE55,chr17,7572349,A,G,exonic,TP53
SAMPLE55,chr1,27024221,G,A,intronic,ARID1A
SAMPLE55,chr10,8109603,G,-,ncRNA_splicing,GATA3
SAMPLE55,chr5,170829307,C,T,intronic,NPM1
SAMPLE55,chr17,7582860,T,G,intronic,TP53
SAMPLE55,chr17,7585193,G,-,intronic,TP53
SAMPLE56,chr3,41263217,C,A,exonic,CTNNB1
SAMPLE56,chr17,11933706,G,-,ncRNA_splicing,MAP2K4
SAMPLE56,chr9,20524960,-,C,exonic,MLL3
SAMPLE56,chr1,115252581,C,-,exonic,NRAS
SAMPLE56,chr9,20458949,T,-,UTR5,MLL3
SAMPLE56,chr3,41252104,-,G,exonic,CTNNB1
SAMPLE56,chrX,44844751,A,-,intronic,KDM6A
SAMPLE56,chr17,12022995,T,-,intronic,MAP2K4
SAMPLE56,chr3,47065115,-,T,upstream,SETD2
SAMPLE56,chrX,44801967,C,A,exonic,KDM6A
SAMPLE56,chr9,21991654,A,T,intronic,CDKN2A
SAMPLE56,chr11,32446639,C,G,intronic,WT1
SAMPLE56,chr5,112101738,A,C,upstream,APC
SAMPLE56,chr3,41257261,G,T,intronic,CTNNB1
SAMPLE56,chr3,47091013,T,C,intronic,SETD2
SAMPLE56,chr9,20496845,A,-,intronic,MLL3
SAMPLE56,chr3,47162311,-,A,intronic,SETD2
SAMPLE56,chr6,405423,A,C,exonic,IRF4
SAMPLE56,chr17,11974507,G,A,intronic,MAP2K4
SAMPLE56,chr12,25382652,G,C,exonic,KRAS
SAMPLE56,chr9,20364589,C,T,exonic,MLL3
SAMPLE56,chr11,32439882,-,C,intronic,WT1
SAMPLE56,chr6,31947911,T,-,intronic,STK19
SAMPLE56,chr6,403885,T,-,intronic,IRF4
SAMPLE56,chr6,407941,T,A,intronic,IRF4
SAMPLE56,chr9,20513421,-,C,exonic,MLL3
SAMPLE56,chr6,400289,T,-,exonic,IRF4
SAMPLE56,chr9,21974190,-,A,intronic,CDKN2A
SAMPLE56,chr9,21982336,G,T,exonic,CDKN2A
SAMPLE56,chr1,115257125,-,G,exonic,NRAS
SAMPLE57,chr2,28484925,-,A,exonic,BRE
SAMPLE57,chr17,7579633,C,A,intronic,TP53
SAMPLE57,chr3,178918202,G,C,intronic,PIK3CA
SAMPLE57,chr10,89624556,T,G,exonic,PTEN
SAMPLE57,chr10,8108637,-,T,intronic,GATA3
SAMPLE57,chr5,67517762,G,-,exonic,PIK3R1
SAMPLE57,chr3,178867991,-,T,ncRNA_splicing,PIK3CA
SAMPLE57,chr2,28284883,A,-,exonic,BRE
SAMPLE57,chr17,7587768,C,G,intronic,TP53
SAMPLE57,chr10,8105995,A,T,intronic,GATA3
SAMPLE57,chr3,178869616,G,-,intronic,PIK3CA
SAMPLE57,chr5,112084081,G,T,intronic,APC
SAMPLE57,chr7,140475473,G,T,intronic,BRAF
SAMPLE57,chr3,52437410,G,A,exonic,BAP1
SAMPLE57,chr5,112173347,G,-,ncRNA_exonic,APC
SAMPLE57,chr10,8107442,T,G,intronic,GATA3
SAMPLE57,chr3,52435168,A,G,UTR5,BAP1
SAMPLE57,chr20,31021028,G,T,intronic,ASXL1
SAMPLE57,chr5,67586984,A,T,intronic,PIK3R1
SAMPLE57,chr2,25519230,A,T,intronic,DNMT3A
SAMPLE57,chr3,52435710,C,-,intronic,BAP1
SAMPLE57,chr10,8104418,-,G,upstream,GATA3
SAMPLE57,chr17,7582193,T,-,intronic,TP53
SAMPLE57,chr10,89711622,A,T,exonic,PTEN
SAMPLE57,chr3,52442859,A,T,UTR3,BAP1
SAMPLE57,chr2,25552155,G,A,exonic,DNMT3A
SAMPLE57,chr7,140469964,C,A,exonic,BRAF
SAMPLE57,chr5,112110512,C,T,exonic,APC
SAMPLE57,chr7,140482287,-,C,exonic,BRAF
SAMPLE57,chr17,7587852,T,G,exonic,TP53
SAMPLE57,chr3,178927445,G,-,exonic,PIK3CA
SAMPLE57,chr5,112132545,-,G,ncRNA_exonic,APC
SAMPLE57,chr2,25525174,T,G,exonic,DNMT3A
SAMPLE57,chr3,52435493,A,-,intronic,BAP1
SAMPLE57,chr20,30959916,A,T,ncRNA_splicing,ASXL1
SAMPLE57,chr5,112104762,T,A,intronic,APC
SAMPLE57,chr3,178940576,A,G,intronic,PIK3CA
SAMPLE57,chr10,89707677,C,A,intronic,PTEN
SAMPLE57,chr5,67595297,A,T,intronic,PIK3R1
SAMPLE57,chrX,53235860,-,C,exonic,KDM5C
SAMPLE57,chr20,31024973,-,A,intronic,ASXL1
SAMPLE57,chr20,31007968,C,G,exonic,ASXL1
SAMPLE57,chr3,52443729,-,C,intronic,BAP1
SAMPLE57,chr2,25471765,A,G,intronic,DNMT3A
SAMPLE57,chr20,31003014,T,C,exonic,ASXL1
SAMPLE58,chr1,27071844,-,G,intronic,ARID1A
SAMPLE58,chr12,25383906,G,T,intergenic,KRAS
SAMPLE58,chr3,47119005,G,A,intronic,SETD2
SAMPLE58,chr1,27064510,G,T,intronic,ARID1A
SAMPLE58,chrX,44948445,-,T,intronic,KDM6A
SAMPLE58,chr3,47186772,-,A,exonic,SETD2
SAMPLE58,chr11,32451404,C,-,intronic,WT1
SAMPLE58,chr1,27082314,T,G,intronic,ARID1A
SAMPLE58,chr12,25384638,A,G,intronic,KRAS
SAMPLE58,chr10,89632415,G,-,ncRNA_intronic,PTEN
SAMPLE58,chr16,81818362,T,-,exonic,PLCG2
SAMPLE58,chr7,55094719,T,A,intergenic,EGFR
SAMPLE58,chr3,47193882,T,G,ncRNA_exonic,SETD2
SAMPLE58,chr7,55100362,C,G,intronic,EGFR
SAMPLE58,chr12,96137500,T,C,intronic,NTN4
SAMPLE58,chr3,57474333,A,-,intronic,DNAH12
SAMPLE58,chr12,96087185,-,G,ncRNA_intronic,NTN4
SAMPLE58,chr3,57439097,C,A,exonic,DNAH12
SAMPLE58,chr10,8109798,A,T,intronic,GATA3
SAMPLE58,chr3,57394661,G,T,exonic,DNAH12
SAMPLE58,chr16,67067259,A,-,exonic,CBFB
SAMPLE58,chr7,55144448,A,-,intronic,EGFR
SAMPLE58,chr14,105240164,T,G,exonic,AKT1
SAMPLE58,chrX,44778390,T,-,upstream,KDM6A
SAMPLE58,chr16,81887445,C,G,exonic,PLCG2
SAMPLE58,chr12,96084836,T,A,intronic,NTN4
SAMPLE58,chr19,47448911,C,T,intronic,ARHGAP35
SAMPLE58,chrX,44918604,C,-,exonic,KDM6A
SAMPLE58,chr7,55150238,T,G,intronic,EGFR
SAMPLE58,chr3,57348553,-,C,UTR3,DNAH12
SAMPLE58,chr12,25385427,G,C,exonic,KRAS
SAMPLE58,chr11,32426073,A,T,exonic,WT1
SAMPLE58,chr19,47423406,-,T,intronic,ARHGAP35
SAMPLE59,chr16,67614028,C,G,intronic,CTCF
SAMPLE59,chr16,68841964,T,G,intronic,CDH1
SAMPLE59,chr19,10607294,G,T,intronic,KEAP1
SAMPLE59,chr7,140496676,C,A,intronic,BRAF
SAMPLE59,chr4,186255774,A,G,intronic,SNX25
SAMPLE59,chr1,16253039,T,-,exonic,SPEN
SAMPLE59,chr4,186191313,A,G,intronic,SNX25
SAMPLE59,chr19,10611461,C,-,intronic,KEAP1
SAMPLE59,chr16,67660396,-,A,intronic,CTCF
SAMPLE59,chr5,112098100,T,A,intronic,APC
SAMPLE59,chr17,12044862,C,-,intronic,MAP2K4
SAMPLE59,chr4,186136966,T,G,exonic,SNX25
SAMPLE59,chr1,16248107,C,G,intronic,SPEN
SAMPLE59,chr1,16182501,T,C,UTR5,SPEN
SAMPLE59,chr16,67637017,-,G,intronic,CTCF
SAMPLE59,chr5,56174575,C,A,intronic,MAP3K1
SAMPLE59,chr19,10604938,G,C,intronic,KEAP1
SAMPLE59,chr17,11939979,-,T,exonic,MAP2K4
SAMPLE59,chr7,140479250,A,T,intronic,BRAF
SAMPLE59,chr4,186196188,C,G,upstream,SNX25
SAMPLE59,chr16,68827516,A,G,intronic,CDH1
SAMPLE59,chr5,170836233,G,-,exonic,NPM1
SAMPLE59,chr5,56131624,G,A,ncRNA_exonic,MAP3K1
SAMPLE59,chr16,67597244,A,T,ncRNA_intronic,CTCF
SAMPLE59,chr5,112157169,-,A,splicing,APC
SAMPLE59,chr7,140551948,A,C,exonic,BRAF
SAMPLE59,chr7,140474985,-,A,exonic,BRAF
SAMPLE59,chr5,112144725,C,T,intronic,APC
SAMPLE59,chr1,16176129,T,G,intronic,SPEN
SAMPLE59,chr7,140601372,C,A,intronic,BRAF
SAMPLE59,chr16,68850515,C,-,intronic,CDH1
SAMPLE59,chr2,209101352,T,G,intronic,IDH1
